__LAMDA 	 __MU 
0.2 	 0.3 

# Replication 	 Delay Mean 
1 	 3.330906028864292 
2 	 3.34009507922816 
3 	 3.340374895533651 
4 	 3.317807905483686 
5 	 3.322717808900453 
6 	 3.3410711997220757 
7 	 3.3418966407718314 
8 	 3.3340283102123203 
9 	 3.334594411921021 
10 	 3.340227521778659 
11 	 3.35122418584897 
12 	 3.3114232729535744 
13 	 3.339114622595488 
14 	 3.330964570846079 
15 	 3.328456496956076 
16 	 3.347178142885874 
17 	 3.3380100532539663 
18 	 3.3218031547125713 
19 	 3.3357215981522037 
20 	 3.3196481776118345 
21 	 3.3479491460317687 
22 	 3.313530159504583 
23 	 3.341348737055491 
24 	 3.3233741820374996 
25 	 3.3039770487645512 
26 	 3.316395768163362 
27 	 3.3406097665353722 
28 	 3.32778619032536 
29 	 3.3496101794010626 
30 	 3.3296734139694735 
31 	 3.3425092769806484 
32 	 3.319960576718725 
33 	 3.3030918719188724 
34 	 3.347993190936378 
35 	 3.351938214535018 
36 	 3.3366457962193397 
37 	 3.3375147046751112 
38 	 3.334299510349475 
39 	 3.350210491046257 
40 	 3.3277669744942275 
41 	 3.3232205251191624 
42 	 3.3422211435292533 
43 	 3.3272205930532195 
44 	 3.350412638605867 
45 	 3.3360677453538043 
46 	 3.335065434882763 
47 	 3.3185716095711224 
48 	 3.337474711393693 
49 	 3.3458487361328 
50 	 3.3383737103480198 
51 	 3.3418396842453433 
52 	 3.3169595010470188 
53 	 3.3312246388910496 
54 	 3.3290530843257637 
55 	 3.3322295004605755 
56 	 3.360764959488407 
57 	 3.343029338425299 
58 	 3.329704057284224 
59 	 3.345927986892203 
60 	 3.3181874853849656 
61 	 3.341146038914585 
62 	 3.3235103531794525 
63 	 3.3275038817475724 
64 	 3.3402487068584565 
65 	 3.317508921145867 
66 	 3.3256609121167404 
67 	 3.328869666203146 
68 	 3.3291203979971415 
69 	 3.33104050262348 
70 	 3.3401777724371136 
71 	 3.3396531535365876 
72 	 3.3136003462675725 
73 	 3.3255363942237364 
74 	 3.3344140266443723 
75 	 3.3391126151907877 
76 	 3.319814608946561 
77 	 3.3448499258365327 
78 	 3.3180020724482984 
79 	 3.337246568345086 
80 	 3.341747206866217 
81 	 3.329716086500028 
82 	 3.3349746702480245 
83 	 3.3287225491088357 
84 	 3.31915132585558 
85 	 3.333535402736865 
86 	 3.3331523964120473 
87 	 3.3414750100394217 
88 	 3.327682239239589 
89 	 3.3370338925531806 
90 	 3.342865303038905 
91 	 3.313182766852575 
92 	 3.3295791715221026 
93 	 3.3293214267964375 
94 	 3.362119919686891 
95 	 3.3239090582909525 
96 	 3.3442562832956364 
97 	 3.334458306998146 
98 	 3.350744063867646 
99 	 3.3350395004341253 
100 	 3.334940223668348 
101 	 3.344412586888933 
102 	 3.335580726257296 
103 	 3.33210651946173 
104 	 3.3259442556424026 
105 	 3.336422830638046 
106 	 3.318586333271606 
107 	 3.326588849221681 
108 	 3.351035318417215 
109 	 3.349780415342216 
110 	 3.332934518629091 
111 	 3.3345956864440858 
112 	 3.3205681524330126 
113 	 3.3287144582734842 
114 	 3.3431703034316307 
115 	 3.3374444740513938 
116 	 3.3262898381604113 
117 	 3.3309270036777745 
118 	 3.324242772962673 
119 	 3.330645945266693 
120 	 3.32830755293497 
121 	 3.345796816337081 
122 	 3.3444238766333174 
123 	 3.3305725592434645 
124 	 3.3653689902142947 
125 	 3.3412908284859886 
126 	 3.348416816461391 
127 	 3.3376131781421905 
128 	 3.30573774550882 
129 	 3.3309490472373935 
130 	 3.3287523734287445 
131 	 3.3261491754251313 
132 	 3.3460755162925055 
133 	 3.3389998752605394 
134 	 3.335258970278315 
135 	 3.340056750379571 
136 	 3.3096659755222313 
137 	 3.335637965028444 
138 	 3.331508281784726 
139 	 3.318196599916095 
140 	 3.3382542116793315 
141 	 3.3457706483197955 
142 	 3.324130152162826 
143 	 3.334623953323257 
144 	 3.337136805446379 
145 	 3.328907843093476 
146 	 3.3217099453068055 
147 	 3.328623022527207 
148 	 3.340087568714324 
149 	 3.3387398532491637 
150 	 3.3312261301013417 
151 	 3.3374154629886688 
152 	 3.333159143386071 
153 	 3.362610731078095 
154 	 3.3141099112096875 
155 	 3.357586681364344 
156 	 3.341854922273478 
157 	 3.34135978992519 
158 	 3.3361712970287694 
159 	 3.3383129304729553 
160 	 3.3328746314933917 
161 	 3.3249849728340517 
162 	 3.3470185549602203 
163 	 3.334679841219124 
164 	 3.333544706884877 
165 	 3.337483153124954 
166 	 3.332352564325513 
167 	 3.321897797218552 
168 	 3.31513669940817 
169 	 3.3332441399813253 
170 	 3.3398321676426046 
171 	 3.3190097359387156 
172 	 3.325540000033946 
173 	 3.333078596859632 
174 	 3.3436725891883516 
175 	 3.3350518520027927 
176 	 3.3253803072920785 
177 	 3.3377986907943766 
178 	 3.3349776985063793 
179 	 3.3324789947167353 
180 	 3.3333805586232406 
181 	 3.3223208783033376 
182 	 3.3206828961948016 
183 	 3.3283488205604974 
184 	 3.340801331478637 
185 	 3.311327183997036 
186 	 3.3039313248545907 
187 	 3.351477297668089 
188 	 3.3456240071473955 
189 	 3.319278095932686 
190 	 3.340860842742655 
191 	 3.3360026180202333 
192 	 3.329345492560176 
193 	 3.327928594140071 
194 	 3.34356427017151 
195 	 3.3479489831013556 
196 	 3.3343513574791657 
197 	 3.3500415525291047 
198 	 3.3282885424373623 
199 	 3.3145384517649843 
200 	 3.3390722921258233 
201 	 3.340792792370371 
202 	 3.3323072207009643 
203 	 3.3476186604029228 
204 	 3.3355324315075623 
205 	 3.327001877298014 
206 	 3.330258516202901 
207 	 3.3230008378735474 
208 	 3.3254084433772984 
209 	 3.3131894193712323 
210 	 3.3329453228331944 
211 	 3.3379452032478873 
212 	 3.335241907199862 
213 	 3.3427690459466004 
214 	 3.3105785265332375 
215 	 3.327184231567289 
216 	 3.3537647868304785 
217 	 3.3464121046902977 
218 	 3.318161473835572 
219 	 3.3184654698606098 
220 	 3.3371415497156547 
221 	 3.3257776561659895 
222 	 3.3206413011867952 
223 	 3.3308302708949884 
224 	 3.3448388320306393 
225 	 3.3301340097071823 
226 	 3.340576628672032 
227 	 3.3186048236124495 
228 	 3.3333943546337683 
229 	 3.3162544101453846 
230 	 3.3277249043178423 
231 	 3.3312359936815708 
232 	 3.3284826825577913 
233 	 3.3438166316829885 
234 	 3.322741204096951 
235 	 3.3056847699133356 
236 	 3.329871088549553 
237 	 3.326788975813339 
238 	 3.334171063274338 
239 	 3.3637275926870345 
240 	 3.328933636758415 
241 	 3.3429202212756453 
242 	 3.3239353560169302 
243 	 3.34584307267986 
244 	 3.341490843489618 
245 	 3.337337976815152 
246 	 3.3203066812687605 
247 	 3.3360816814598553 
248 	 3.3359868255344787 
249 	 3.336299420136809 
250 	 3.3366683435056403 
251 	 3.3391313911922786 
252 	 3.339312415048714 
253 	 3.334817804707814 
254 	 3.3395000098023346 
255 	 3.336685617576652 
256 	 3.3445211037808407 
257 	 3.3284869514977093 
258 	 3.3273462841992347 
259 	 3.327820096591873 
260 	 3.3442178281985977 
261 	 3.331352543164644 
262 	 3.3437530960169393 
263 	 3.340259036942244 
264 	 3.3208397175673725 
265 	 3.329177980780534 
266 	 3.3320877808823495 
267 	 3.316652539885236 
268 	 3.3256832751740895 
269 	 3.3290748132578845 
270 	 3.311676723395632 
271 	 3.3456279744440613 
272 	 3.3392010665376524 
273 	 3.3241431553758827 
274 	 3.3267536350851215 
275 	 3.358214290136119 
276 	 3.3369590724003015 
277 	 3.3368085769984814 
278 	 3.3327124474533787 
279 	 3.318279266797846 
280 	 3.3314321997918785 
281 	 3.3288638049226758 
282 	 3.3222713851548984 
283 	 3.3308773530086593 
284 	 3.3133261027055303 
285 	 3.3392896719664527 
286 	 3.3415303665927145 
287 	 3.345398901694207 
288 	 3.335930177204888 
289 	 3.3243824046877486 
290 	 3.3534195451744395 
291 	 3.3448385213318628 
292 	 3.3330472706795904 
293 	 3.3293272410331576 
294 	 3.312430509243487 
295 	 3.326564106703262 
296 	 3.3391536308460354 
297 	 3.337035853303323 
298 	 3.321072281752812 
299 	 3.3451908522728817 
300 	 3.3286292608407173 
301 	 3.348935127730817 
302 	 3.3356221413875042 
303 	 3.3482798689210593 
304 	 3.33692797704342 
305 	 3.3365049032850527 
306 	 3.322551946871756 
307 	 3.338557610053429 
308 	 3.339043134520603 
309 	 3.3275615367298648 
310 	 3.333624706912051 
311 	 3.318145837028561 
312 	 3.338713722683451 
313 	 3.3290898843222045 
314 	 3.3334538412018726 
315 	 3.335880712807119 
316 	 3.3254734957041854 
317 	 3.3432424096342546 
318 	 3.347064428568036 
319 	 3.3360229859124266 
320 	 3.343017119178301 
321 	 3.332402267644576 
322 	 3.336576042664443 
323 	 3.319726924182975 
324 	 3.3336107349249096 
325 	 3.3192756064081266 
326 	 3.3527423140128456 
327 	 3.3155467013724698 
328 	 3.3466967578495748 
329 	 3.324235005550938 
330 	 3.326788994464457 
331 	 3.343706153987518 
332 	 3.332795961258535 
333 	 3.3289593247896025 
334 	 3.3366632258499975 
335 	 3.317949939661221 
336 	 3.365781862605273 
337 	 3.332036995194305 
338 	 3.34697345824438 
339 	 3.3363249696946373 
340 	 3.32767548021772 
341 	 3.3337819021925945 
342 	 3.321155408913504 
343 	 3.34190258200545 
344 	 3.3292033713361673 
345 	 3.3402266889722076 
346 	 3.3219552565530917 
347 	 3.3347686443358824 
348 	 3.312977889208626 
349 	 3.3299936494052442 
350 	 3.326688003432138 
351 	 3.3210520510826984 
352 	 3.334856525262417 
353 	 3.337125299275253 
354 	 3.324458562710999 
355 	 3.327260472925818 
356 	 3.3253364141970274 
357 	 3.330921103271975 
358 	 3.3353285930283616 
359 	 3.322394990196311 
360 	 3.3190229591963836 
361 	 3.353618972840461 
362 	 3.3306401026572092 
363 	 3.3373995535967227 
364 	 3.3433964179546396 
365 	 3.34586919426125 
366 	 3.3424290399145793 
367 	 3.335134821254331 
368 	 3.336457481766557 
369 	 3.33692671559598 
370 	 3.3520744546149537 
371 	 3.3113146510532605 
372 	 3.346232429477941 
373 	 3.3452281662185466 
374 	 3.3445795416681006 
375 	 3.34033300885731 
376 	 3.323536259781256 
377 	 3.3283744900465972 
378 	 3.334626410203487 
379 	 3.34403209124457 
380 	 3.333161019335653 
381 	 3.34198697633512 
382 	 3.322467601952038 
383 	 3.334282758659326 
384 	 3.336100608317239 
385 	 3.3314220502111302 
386 	 3.3241062690494254 
387 	 3.3328597901930532 
388 	 3.320217307920066 
389 	 3.327482156232832 
390 	 3.323320598415418 
391 	 3.3302157525143667 
392 	 3.3411568781508807 
393 	 3.345915400484963 
394 	 3.32518884761987 
395 	 3.338073256418346 
396 	 3.3299402758892325 
397 	 3.3354820474848776 
398 	 3.32042252971779 
399 	 3.341535578582112 
400 	 3.3347425196344447 
401 	 3.3449775719292916 
402 	 3.3199699192671885 
403 	 3.34486736834395 
404 	 3.3305407037112187 
405 	 3.338529687810027 
406 	 3.3262022113565313 
407 	 3.333163950376795 
408 	 3.3391966556648107 
409 	 3.323877689410482 
410 	 3.3268354159371016 
411 	 3.3503296662205693 
412 	 3.326228284219118 
413 	 3.3279648457506563 
414 	 3.3262575444484326 
415 	 3.324451202374597 
416 	 3.3272654926969936 
417 	 3.341676947854693 
418 	 3.3225917077762457 
419 	 3.3269515945665997 
420 	 3.320942086381536 
421 	 3.3156644014245287 
422 	 3.318032150465113 
423 	 3.333277922699063 
424 	 3.3263366680690085 
425 	 3.3194200081210226 
426 	 3.326109621277659 
427 	 3.3107242690149508 
428 	 3.3281574298576144 
429 	 3.31922217040243 
430 	 3.3074728768765604 
431 	 3.336561938714373 
432 	 3.3367179025575147 
433 	 3.3460350200939435 
434 	 3.3272612368176078 
435 	 3.3135339524661656 
436 	 3.3506698982515144 
437 	 3.332624553966515 
438 	 3.3256647525912952 
439 	 3.346951607920467 
440 	 3.354262390468936 
441 	 3.344439236182072 
442 	 3.3109864801572844 
443 	 3.342605415974412 
444 	 3.32670424107112 
445 	 3.338649259631222 
446 	 3.319982703981602 
447 	 3.332220463955483 
448 	 3.314599423126034 
449 	 3.3344902267166967 
450 	 3.312307321854708 
451 	 3.3074677250722635 
452 	 3.3373783922143363 
453 	 3.339765411283248 
454 	 3.338785572919077 
455 	 3.3228051496188966 
456 	 3.3324599039073433 
457 	 3.327756686937065 
458 	 3.344528214313014 
459 	 3.3135072231817917 
460 	 3.3113384545820135 
461 	 3.3197306417346013 
462 	 3.344402896819258 
463 	 3.3351164979026584 
464 	 3.3289714884875203 
465 	 3.332748828225241 
466 	 3.3356337097913795 
467 	 3.33088753311314 
468 	 3.33266746565671 
469 	 3.333947975183116 
470 	 3.3301270644840613 
471 	 3.3349813514986772 
472 	 3.3427291839410813 
473 	 3.3454970316448356 
474 	 3.3449613657806423 
475 	 3.3206663029663495 
476 	 3.3229246943227073 
477 	 3.3308392731292793 
478 	 3.3472347834757707 
479 	 3.3114545140797316 
480 	 3.324475389265546 
481 	 3.323503807732951 
482 	 3.355871915061242 
483 	 3.3338898115507862 
484 	 3.3451353067816596 
485 	 3.35081647660113 
486 	 3.3222018277769645 
487 	 3.3229836705376856 
488 	 3.349054331363892 
489 	 3.348887813722486 
490 	 3.3211712429827407 
491 	 3.3339310120173753 
492 	 3.3203867430705944 
493 	 3.327997562659971 
494 	 3.347610973090241 
495 	 3.3395886429461172 
496 	 3.3501339156117997 
497 	 3.3431367255191975 
498 	 3.3444154120008434 
499 	 3.3386892789159863 
500 	 3.324133727774204 
501 	 3.3390498461862177 
502 	 3.327937582308726 
503 	 3.321691620642348 
504 	 3.312458536827074 
505 	 3.3344927009928185 
506 	 3.32514689947183 
507 	 3.3346356191301885 
508 	 3.3418227753894043 
509 	 3.327490625629167 
510 	 3.3189171665078905 
511 	 3.3233838967433815 
512 	 3.322784025505252 
513 	 3.3335255791641796 
514 	 3.315098122903326 
515 	 3.3318221982487173 
516 	 3.320697294450913 
517 	 3.3289399398460384 
518 	 3.342616139323396 
519 	 3.334986423809099 
520 	 3.347437380449138 
521 	 3.3426230796906973 
522 	 3.346129815472387 
523 	 3.3316216171180795 
524 	 3.325706755258714 
525 	 3.3333494025059673 
526 	 3.3166307469396283 
527 	 3.333603326657163 
528 	 3.331835068993859 
529 	 3.3464010705365363 
530 	 3.3545195731774906 
531 	 3.342007433164165 
532 	 3.332968496751808 
533 	 3.33819137872084 
534 	 3.3256914558353725 
535 	 3.337738332966644 
536 	 3.3183412929196874 
537 	 3.3575054066896555 
538 	 3.3122602935069314 
539 	 3.3457481015992707 
540 	 3.3294367189889154 
541 	 3.344932118833937 
542 	 3.341338495750477 
543 	 3.3451893101240513 
544 	 3.347156756333734 
545 	 3.340938117818954 
546 	 3.3261861085552145 
547 	 3.324658080806 
548 	 3.338599670822497 
549 	 3.3271953053023147 
550 	 3.3211663662352566 
551 	 3.3293529449097807 
552 	 3.3237462170705725 
553 	 3.3404879323761665 
554 	 3.3271886082557165 
555 	 3.332925448354297 
556 	 3.343972027167198 
557 	 3.3367848239509885 
558 	 3.333428250767808 
559 	 3.3467393008757846 
560 	 3.3386937513479906 
561 	 3.329224236749091 
562 	 3.3483355723257557 
563 	 3.3301205318791665 
564 	 3.3223206698992342 
565 	 3.3239757872438425 
566 	 3.3109691909688785 
567 	 3.328669774279336 
568 	 3.3272321514591936 
569 	 3.3452980790863056 
570 	 3.357964057511354 
571 	 3.336791877655128 
572 	 3.325728954386553 
573 	 3.337749885335873 
574 	 3.3205536160083935 
575 	 3.3517555994505335 
576 	 3.352604283050057 
577 	 3.358597498408236 
578 	 3.3318375916351353 
579 	 3.3288518914806757 
580 	 3.340717407715101 
581 	 3.338142411865785 
582 	 3.317801681989994 
583 	 3.331967737898748 
584 	 3.330320211317865 
585 	 3.333801794250275 
586 	 3.327995139137508 
587 	 3.3269199156044107 
588 	 3.3301915791619394 
589 	 3.3422484919793622 
590 	 3.3570741963730084 
591 	 3.3403829981824638 
592 	 3.310709013500277 
593 	 3.339686871837053 
594 	 3.35968025880662 
595 	 3.337220388749746 
596 	 3.336239022447562 
597 	 3.3493450887411274 
598 	 3.3399066625291955 
599 	 3.3368483857829787 
600 	 3.3310022260624823 
601 	 3.328272330628246 
602 	 3.3456531390731628 
603 	 3.3297069950466938 
604 	 3.34364016590976 
605 	 3.3233015157464654 
606 	 3.341268288306054 
607 	 3.3157602222245632 
608 	 3.3387911839771496 
609 	 3.3305949313198635 
610 	 3.340108986085431 
611 	 3.3283658642416145 
612 	 3.327681554329856 
613 	 3.344219827412211 
614 	 3.3140038749255525 
615 	 3.341501916641288 
616 	 3.3381075593971117 
617 	 3.321027118124778 
618 	 3.334343795399077 
619 	 3.3241315562907596 
620 	 3.346317201935257 
621 	 3.3383370134934047 
622 	 3.327164875200665 
623 	 3.339750955637663 
624 	 3.3391391512748543 
625 	 3.32268840399002 
626 	 3.324455150500053 
627 	 3.3445711756309464 
628 	 3.33478111312974 
629 	 3.328706834993437 
630 	 3.315349817407441 
631 	 3.3527455103744406 
632 	 3.3400113427345097 
633 	 3.3302899260021976 
634 	 3.340558108535537 
635 	 3.3393767462579746 
636 	 3.3262349739122294 
637 	 3.341831350937942 
638 	 3.3468757258323416 
639 	 3.3423759796152224 
640 	 3.328108541151782 
641 	 3.3469771049421486 
642 	 3.3230720793323965 
643 	 3.3233779226223805 
644 	 3.345594051299199 
645 	 3.34847863356486 
646 	 3.325752925604127 
647 	 3.322908212420437 
648 	 3.332413680468359 
649 	 3.3244902636820934 
650 	 3.3388878295653694 
651 	 3.3366271330097366 
652 	 3.323440505115858 
653 	 3.3096962288259997 
654 	 3.33236230485227 
655 	 3.322099768022946 
656 	 3.322421106050524 
657 	 3.348160010885794 
658 	 3.3478214831104145 
659 	 3.325460380422366 
660 	 3.340725447952046 
661 	 3.3582095088805 
662 	 3.334118269703233 
663 	 3.332579463223586 
664 	 3.3308077312938917 
665 	 3.3275434834909787 
666 	 3.3342497513002494 
667 	 3.3334978881278006 
668 	 3.3351065558891366 
669 	 3.3262660827978254 
670 	 3.350925454618436 
671 	 3.3428937113620343 
672 	 3.357210388355053 
673 	 3.334787015414162 
674 	 3.3254327756469904 
675 	 3.3281548083398014 
676 	 3.335683361870116 
677 	 3.3386674270652983 
678 	 3.3455534229343735 
679 	 3.3448518324686027 
680 	 3.322003619301695 
681 	 3.346132945834775 
682 	 3.323726895595761 
683 	 3.3528343642451843 
684 	 3.335354984901808 
685 	 3.323903485560779 
686 	 3.3290285256844308 
687 	 3.3202209060945083 
688 	 3.3229667977840416 
689 	 3.310259328848362 
690 	 3.3261371251422185 
691 	 3.326729797710811 
692 	 3.34780067744349 
693 	 3.3375814851270382 
694 	 3.31543550068914 
695 	 3.344551141683622 
696 	 3.341316755359137 
697 	 3.3313167952573948 
698 	 3.345193729389265 
699 	 3.3159623884788774 
700 	 3.335950968578997 
701 	 3.319127992249057 
702 	 3.337344101535603 
703 	 3.3341500483234427 
704 	 3.333226230308937 
705 	 3.3327884544418303 
706 	 3.3380783062630446 
707 	 3.317456929638675 
708 	 3.3172965923639937 
709 	 3.33401140944194 
710 	 3.347253222706159 
711 	 3.316998492102116 
712 	 3.3343356722630078 
713 	 3.3151996039851084 
714 	 3.306381269330139 
715 	 3.3263833195033743 
716 	 3.342412706211156 
717 	 3.339060259069646 
718 	 3.351592661962355 
719 	 3.337337551318755 
720 	 3.3442872971543514 
721 	 3.3475913842737315 
722 	 3.337201483461016 
723 	 3.3316369270304396 
724 	 3.322069450457103 
725 	 3.3410257168071875 
726 	 3.3413809130587735 
727 	 3.3421329584654726 
728 	 3.3144088846720643 
729 	 3.3458130710520626 
730 	 3.3299476050377157 
731 	 3.3308174498721144 
732 	 3.311047968560908 
733 	 3.33083535589268 
734 	 3.33431200213574 
735 	 3.32164324638715 
736 	 3.3478766789756125 
737 	 3.3372183438627747 
738 	 3.3169032022683744 
739 	 3.326151429818425 
740 	 3.3238384033554063 
741 	 3.34317589241223 
742 	 3.3258845475140646 
743 	 3.3236207719210427 
744 	 3.3295364550184288 
745 	 3.3510794397841734 
746 	 3.3095419766263854 
747 	 3.342082819174547 
748 	 3.323613042274547 
749 	 3.3481924107007814 
750 	 3.342090049652563 
751 	 3.333739435717599 
752 	 3.343556764427497 
753 	 3.3246029354513693 
754 	 3.324641002182057 
755 	 3.3262350023030813 
756 	 3.342024472181336 
757 	 3.3338167826473795 
758 	 3.3240045912421317 
759 	 3.3095533505962615 
760 	 3.333486339689976 
761 	 3.3302812304427554 
762 	 3.349333583386427 
763 	 3.3436756629446367 
764 	 3.335972190897516 
765 	 3.350570593896203 
766 	 3.3322002167896403 
767 	 3.312522074391732 
768 	 3.3125783811740757 
769 	 3.333302911243397 
770 	 3.336375387513949 
771 	 3.3298350966546755 
772 	 3.350949632776116 
773 	 3.333685223041505 
774 	 3.343532910645709 
775 	 3.311540127736919 
776 	 3.3184818244577783 
777 	 3.3159358552830707 
778 	 3.3309663663118787 
779 	 3.3297237247409393 
780 	 3.3371606034359838 
781 	 3.3437007284205995 
782 	 3.328032356439634 
783 	 3.3274065357137057 
784 	 3.3356378132155515 
785 	 3.354396356357097 
786 	 3.320734655969476 
787 	 3.328305873343585 
788 	 3.333680779383952 
789 	 3.3410408986534716 
790 	 3.320014125644226 
791 	 3.3411780456229803 
792 	 3.33468924855473 
793 	 3.349930624606057 
794 	 3.352208217991239 
795 	 3.345119299768139 
796 	 3.3300103878296814 
797 	 3.3368716847880937 
798 	 3.3352496115137 
799 	 3.3409985210190984 
800 	 3.338936028679159 
801 	 3.3433915420514877 
802 	 3.3148709291587646 
803 	 3.3148727730300727 
804 	 3.3298239640317804 
805 	 3.3482952344998655 
806 	 3.316551357708463 
807 	 3.337396812267485 
808 	 3.320370745329381 
809 	 3.340699230039845 
810 	 3.3117398666228435 
811 	 3.341038945474915 
812 	 3.3389364404986317 
813 	 3.3200597772128613 
814 	 3.344219047567806 
815 	 3.340774463191145 
816 	 3.3376825368796563 
817 	 3.3538781399333857 
818 	 3.3522882092422024 
819 	 3.33235874048974 
820 	 3.3214878295687615 
821 	 3.327324158135518 
822 	 3.336355526417849 
823 	 3.333317263086045 
824 	 3.3334836132162473 
825 	 3.330094291700984 
826 	 3.3375118027521324 
827 	 3.3322369396138276 
828 	 3.3604531677928566 
829 	 3.3164647289753324 
830 	 3.3391614354056753 
831 	 3.3440314037890047 
832 	 3.3446593661637305 
833 	 3.3236857887038593 
834 	 3.3220038874302387 
835 	 3.3434504296116523 
836 	 3.33066675893051 
837 	 3.3366181920607185 
838 	 3.3245866451111934 
839 	 3.320486363272064 
840 	 3.3555574304613316 
841 	 3.3455563485966127 
842 	 3.3366572525703098 
843 	 3.3209510915664686 
844 	 3.3351706276887096 
845 	 3.3320695161585574 
846 	 3.3378541983437 
847 	 3.343680435196914 
848 	 3.3308496001976953 
849 	 3.3284437743638935 
850 	 3.327377980182344 
851 	 3.324157955611295 
852 	 3.3182554635510293 
853 	 3.3534467331767503 
854 	 3.3489120542529682 
855 	 3.338653611960316 
856 	 3.340997008026382 
857 	 3.330088019729714 
858 	 3.3357681590167783 
859 	 3.3296372473076583 
860 	 3.336833320897643 
861 	 3.336690091028758 
862 	 3.3213496214954317 
863 	 3.339763912061996 
864 	 3.337199431157663 
865 	 3.3254729457317107 
866 	 3.3398790952879938 
867 	 3.340529951291907 
868 	 3.3370109892011706 
869 	 3.3562569830887568 
870 	 3.3429098872108787 
871 	 3.324939113965444 
872 	 3.3223964208174603 
873 	 3.341061305327066 
874 	 3.323154846791318 
875 	 3.3273526323450198 
876 	 3.329588867072969 
877 	 3.340866337949146 
878 	 3.3339468211677072 
879 	 3.3466235257020718 
880 	 3.3602696856029888 
881 	 3.334284496308157 
882 	 3.3594322751984445 
883 	 3.3402942979881214 
884 	 3.3297160124689102 
885 	 3.34867541017008 
886 	 3.336688394501469 
887 	 3.324956453313092 
888 	 3.3121089797285825 
889 	 3.3236338058558537 
890 	 3.354407741503995 
891 	 3.31883836048562 
892 	 3.3299816266173443 
893 	 3.346136302103488 
894 	 3.3271644632935446 
895 	 3.3073812855428324 
896 	 3.344382065311268 
897 	 3.3276722083795205 
898 	 3.3372952299342673 
899 	 3.322606674567325 
900 	 3.3418215710753483 
901 	 3.322327581798238 
902 	 3.33326585185303 
903 	 3.3291943869642613 
904 	 3.3491919097465552 
905 	 3.317389627089753 
906 	 3.3251146350922745 
907 	 3.3139721434874647 
908 	 3.3220465762804414 
909 	 3.347387827954095 
910 	 3.337415968293325 
911 	 3.3248879374387443 
912 	 3.3190417098759313 
913 	 3.3437615843946773 
914 	 3.325885407281683 
915 	 3.326093162458957 
916 	 3.333172388288586 
917 	 3.338364496123674 
918 	 3.330395586858529 
919 	 3.341337467253929 
920 	 3.323962640583971 
921 	 3.334732694660812 
922 	 3.3470234130799144 
923 	 3.341750908368872 
924 	 3.3380215883000925 
925 	 3.332174874897835 
926 	 3.328424886318424 
927 	 3.340243683945669 
928 	 3.344342319753805 
929 	 3.343921130794231 
930 	 3.3463389337607463 
931 	 3.3252299353377146 
932 	 3.3258768373784116 
933 	 3.3496645736522486 
934 	 3.327289622025429 
935 	 3.326973420690272 
936 	 3.337452689604668 
937 	 3.3072963868971366 
938 	 3.321061381086647 
939 	 3.3393945587691123 
940 	 3.340281180868681 
941 	 3.32500141676179 
942 	 3.360668599249903 
943 	 3.3284493542178883 
944 	 3.3341001692654064 
945 	 3.3184924472671846 
946 	 3.3348815197137283 
947 	 3.3330645746421257 
948 	 3.313272773915 
949 	 3.328365990903245 
950 	 3.3324303949582386 
951 	 3.3230545762248798 
952 	 3.3402134883302126 
953 	 3.3201742539169565 
954 	 3.3335832398376746 
955 	 3.341810621498962 
956 	 3.326494668999857 
957 	 3.3499882562721286 
958 	 3.332186448550162 
959 	 3.348254283812741 
960 	 3.3438395244520804 
961 	 3.331700621834979 
962 	 3.323603754908788 
963 	 3.335398539980864 
964 	 3.3229658332577645 
965 	 3.3352487070884194 
966 	 3.3416492273261755 
967 	 3.3182536002829353 
968 	 3.331063354944741 
969 	 3.342084324971651 
970 	 3.3425749726645315 
971 	 3.357547453676557 
972 	 3.3291875829784368 
973 	 3.310388176918743 
974 	 3.329160734014758 
975 	 3.3249638188308075 
976 	 3.364841222394678 
977 	 3.337740365887282 
978 	 3.3312573121474673 
979 	 3.3485239072695285 
980 	 3.3170579896930783 
981 	 3.335913876261439 
982 	 3.3310539236487653 
983 	 3.3504954424138886 
984 	 3.3438627633144002 
985 	 3.346517852753256 
986 	 3.3347906982686024 
987 	 3.325704933152811 
988 	 3.3235892316899807 
989 	 3.3441794667296576 
990 	 3.325849073363903 
991 	 3.331252940320362 
992 	 3.3211810740486913 
993 	 3.32201755036064 
994 	 3.3441363000566184 
995 	 3.34099085405416 
996 	 3.34130314296698 
997 	 3.346215755385959 
998 	 3.3375746592627946 
999 	 3.3345846389750258 
1000 	 3.339176089110535 
1001 	 3.3417033475829125 
1002 	 3.343304611602133 
1003 	 3.343415064045042 
1004 	 3.3284614501080174 
1005 	 3.3423030910686915 
1006 	 3.3328918830312935 
1007 	 3.3470388450107196 
1008 	 3.3319890426169976 
1009 	 3.309789307361032 
1010 	 3.3404637724571398 
1011 	 3.3419459089647034 
1012 	 3.3314354056177518 
1013 	 3.3189212032256385 
1014 	 3.3223288849923605 
1015 	 3.3382207317325316 
1016 	 3.3319357361509065 
1017 	 3.3410243404581563 
1018 	 3.337496209850261 
1019 	 3.3361352113531346 
1020 	 3.3372700949660277 
1021 	 3.354286686495368 
1022 	 3.3265169721949506 
1023 	 3.3364625383225746 
1024 	 3.324988634706789 
1025 	 3.334541048367923 
1026 	 3.3026792361731405 
1027 	 3.32871673320982 
1028 	 3.3330075535443364 
1029 	 3.3301138797975125 
1030 	 3.3449644480439455 
1031 	 3.357589820159366 
1032 	 3.3230188806482044 
1033 	 3.322925173196033 
1034 	 3.3387764607055823 
1035 	 3.3212200776695897 
1036 	 3.330439333382153 
1037 	 3.3470076595017666 
1038 	 3.3469863599757854 
1039 	 3.3601241465026366 
1040 	 3.3252992116089306 
1041 	 3.3147469648593635 
1042 	 3.344732747103197 
1043 	 3.3595056263459493 
1044 	 3.330743441386538 
1045 	 3.3340187957689524 
1046 	 3.3290947508873674 
1047 	 3.3168612809603184 
1048 	 3.3388854737406928 
1049 	 3.331476579559326 
1050 	 3.3152294233742943 
1051 	 3.348066446156248 
1052 	 3.3308632932211917 
1053 	 3.3321177822123196 
1054 	 3.345712246114127 
1055 	 3.3482977067317266 
1056 	 3.357807999735186 
1057 	 3.3551848078835236 
1058 	 3.3185650664743203 
1059 	 3.335467045919135 
1060 	 3.3335765476427612 
1061 	 3.3419493261574695 
1062 	 3.3428824501028047 
1063 	 3.3411751059490746 
1064 	 3.3378571356352094 
1065 	 3.3281093337230088 
1066 	 3.339483975678295 
1067 	 3.3480255908500314 
1068 	 3.345894769264761 
1069 	 3.3425047333637696 
1070 	 3.3274994547190775 
1071 	 3.350825065383759 
1072 	 3.3338150623207445 
1073 	 3.3164800665808563 
1074 	 3.326950904543386 
1075 	 3.3302745538719853 
1076 	 3.338587741144127 
1077 	 3.353568408831283 
1078 	 3.324182057729794 
1079 	 3.3074366418549728 
1080 	 3.323269492943587 
1081 	 3.319841526075958 
1082 	 3.34335956346701 
1083 	 3.3319494674340087 
1084 	 3.3138131564444153 
1085 	 3.3346835078589807 
1086 	 3.3473816931604317 
1087 	 3.331022349475153 
1088 	 3.316945683424189 
1089 	 3.3254570291804337 
1090 	 3.335633252877626 
1091 	 3.327641051516072 
1092 	 3.333039724917603 
1093 	 3.332163454178711 
1094 	 3.321798103920445 
1095 	 3.337895027573675 
1096 	 3.3329325377946404 
1097 	 3.3270762718719245 
1098 	 3.335078598213689 
1099 	 3.3449114334325647 
1100 	 3.3271413631378643 
1101 	 3.329749335095048 
1102 	 3.332193630593864 
1103 	 3.3481460129505924 
1104 	 3.339907574850028 
1105 	 3.329838500137544 
1106 	 3.343776636712358 
1107 	 3.326712042123013 
1108 	 3.335932010251642 
1109 	 3.3312516429069223 
1110 	 3.3470288276353384 
1111 	 3.319448523045305 
1112 	 3.313319595858343 
1113 	 3.338124013722209 
1114 	 3.339310694451108 
1115 	 3.3262276506971826 
1116 	 3.321224209496148 
1117 	 3.3460414702146006 
1118 	 3.333576979018515 
1119 	 3.3459627643787098 
1120 	 3.3380061559565974 
1121 	 3.329519432327143 
1122 	 3.3457103138491906 
1123 	 3.348374139818359 
1124 	 3.34955982559414 
1125 	 3.3408681070968402 
1126 	 3.343356010580007 
1127 	 3.3375267988481943 
1128 	 3.3170728365587725 
1129 	 3.337876355200167 
1130 	 3.335561946285843 
1131 	 3.323315967845083 
1132 	 3.3392941910217324 
1133 	 3.3437941136793508 
1134 	 3.321602088296889 
1135 	 3.3233789923879797 
1136 	 3.339208963940796 
1137 	 3.320679974592172 
1138 	 3.3446783321539577 
1139 	 3.3306639081249725 
1140 	 3.340457088831619 
1141 	 3.313163139853422 
1142 	 3.313263130971737 
1143 	 3.3459643523331137 
1144 	 3.3226822082555336 
1145 	 3.3335515404854315 
1146 	 3.3377780753389166 
1147 	 3.331691106947231 
1148 	 3.3298383791886526 
1149 	 3.3095799462981255 
1150 	 3.3305149593477994 
1151 	 3.3390202973417282 
1152 	 3.321502416223101 
1153 	 3.3413761147060534 
1154 	 3.340230205542646 
1155 	 3.3228794088652314 
1156 	 3.344170903936049 
1157 	 3.342919635206709 
1158 	 3.3185636344864378 
1159 	 3.324103667207206 
1160 	 3.350035241911004 
1161 	 3.3349805750897086 
1162 	 3.3285353118566623 
1163 	 3.340819626969323 
1164 	 3.348955879707009 
1165 	 3.33582630792851 
1166 	 3.3647057469512083 
1167 	 3.338800238587618 
1168 	 3.31821303612229 
1169 	 3.3248631877050063 
1170 	 3.3297288355082193 
1171 	 3.318808363339014 
1172 	 3.3276781189978295 
1173 	 3.308953327397492 
1174 	 3.327906962644915 
1175 	 3.3607624280738984 
1176 	 3.3330094424369703 
1177 	 3.3412023957398467 
1178 	 3.337877592044131 
1179 	 3.3217343773595465 
1180 	 3.350313394440945 
1181 	 3.326327177095048 
1182 	 3.32005132541541 
1183 	 3.3261475038986994 
1184 	 3.334141447772635 
1185 	 3.331315509654471 
1186 	 3.329161210488009 
1187 	 3.3405638598186393 
1188 	 3.3224828528142596 
1189 	 3.3286047259943907 
1190 	 3.337730773022468 
1191 	 3.325035715842763 
1192 	 3.3315740656296233 
1193 	 3.322813324810344 
1194 	 3.3381881059720366 
1195 	 3.3335243285207237 
1196 	 3.338798558436109 
1197 	 3.3386271296200896 
1198 	 3.356556842598319 
1199 	 3.3323536453802665 
1200 	 3.332552709319196 
1201 	 3.3308695944228695 
1202 	 3.3089718503633914 
1203 	 3.329189025451167 
1204 	 3.3366592831572306 
1205 	 3.322657261596285 
1206 	 3.3145012979936865 
1207 	 3.331516592477307 
1208 	 3.335348500417323 
1209 	 3.3245116037999716 
1210 	 3.3341070151984034 
1211 	 3.3257650229475684 
1212 	 3.3404226214049078 
1213 	 3.335267116076365 
1214 	 3.335677840442164 
1215 	 3.31244927175883 
1216 	 3.3598272458707954 
1217 	 3.3321889497145754 
1218 	 3.32654910460675 
1219 	 3.3498681945145807 
1220 	 3.344100176752159 
1221 	 3.3516414467842064 
1222 	 3.334666396805752 
1223 	 3.3094798715128877 
1224 	 3.3369797028986796 
1225 	 3.3328985747906157 
1226 	 3.3311925288200923 
1227 	 3.314346187015282 
1228 	 3.333332790323258 
1229 	 3.3468654474752553 
1230 	 3.333445960767678 
1231 	 3.3211961167362727 
1232 	 3.3078134094400236 
1233 	 3.346545236271443 
1234 	 3.3448450754143373 
1235 	 3.3257830126456702 
1236 	 3.348554654532278 
1237 	 3.3423589339780597 
1238 	 3.3438036449773527 
1239 	 3.3485804951775147 
1240 	 3.3537233555375052 
1241 	 3.3526553427552033 
1242 	 3.3359263965098553 
1243 	 3.3233867155683487 
1244 	 3.3184991810689586 
1245 	 3.324018499733965 
1246 	 3.3319227509325997 
1247 	 3.327756652062324 
1248 	 3.3340539694459386 
1249 	 3.329195507919183 
1250 	 3.3360773515626096 
1251 	 3.3341257473002517 
1252 	 3.324317119856047 
1253 	 3.3340583323747612 
1254 	 3.3335896485657517 
1255 	 3.334448530580527 
1256 	 3.335427261726281 
1257 	 3.311144282241115 
1258 	 3.3400515084224525 
1259 	 3.344251380122523 
1260 	 3.323191553039251 
1261 	 3.3126745088126976 
1262 	 3.347390797912928 
1263 	 3.3594994301600143 
1264 	 3.326884535458239 
1265 	 3.333429867466992 
1266 	 3.329134281499138 
1267 	 3.3429451089526587 
1268 	 3.322956702090872 
1269 	 3.3168376703694564 
1270 	 3.3224451117450537 
1271 	 3.375486629727727 
1272 	 3.341081284544858 
1273 	 3.320999273752268 
1274 	 3.3397473025121 
1275 	 3.3264274458417367 
1276 	 3.354849169535514 
1277 	 3.3323184394496908 
1278 	 3.313767424073164 
1279 	 3.3259888284359582 
1280 	 3.3190379070505944 
1281 	 3.3487587300363217 
1282 	 3.322035891617367 
1283 	 3.3403242780366624 
1284 	 3.3547614554873584 
1285 	 3.3156639679166062 
1286 	 3.330190426643818 
1287 	 3.3294428716954436 
1288 	 3.333611944779284 
1289 	 3.3519210757761986 
1290 	 3.3301571874538984 
1291 	 3.3201962332601678 
1292 	 3.345326460028493 
1293 	 3.330780701023843 
1294 	 3.3365685207904194 
1295 	 3.323751704214118 
1296 	 3.335508669935277 
1297 	 3.323588650298627 
1298 	 3.338199133622759 
1299 	 3.3347796053377006 
1300 	 3.355095327445661 
1301 	 3.352010820911885 
1302 	 3.3468258280845484 
1303 	 3.3431988401848396 
1304 	 3.3483939797183706 
1305 	 3.312411319202445 
1306 	 3.3310506311023675 
1307 	 3.3199073098261556 
1308 	 3.334998245547142 
1309 	 3.327267085718792 
1310 	 3.3409458888550123 
1311 	 3.325363511705055 
1312 	 3.3037214175351712 
1313 	 3.3320838144501117 
1314 	 3.311606920543776 
1315 	 3.332658661983961 
1316 	 3.3425766954291687 
1317 	 3.3250745688227306 
1318 	 3.349898893073728 
1319 	 3.3316415602332055 
1320 	 3.337610140169817 
1321 	 3.3327881207164887 
1322 	 3.3362745810039653 
1323 	 3.3575704449597867 
1324 	 3.336305255048358 
1325 	 3.3081380187019054 
1326 	 3.336973463238431 
1327 	 3.326953265478003 
1328 	 3.351637080779822 
1329 	 3.34044524733871 
1330 	 3.3332852616653272 
1331 	 3.3192447301164845 
1332 	 3.3246820450295242 
1333 	 3.3257112953862302 
1334 	 3.3185727713633995 
1335 	 3.326358727745381 
1336 	 3.3250240606283565 
1337 	 3.33304701188037 
1338 	 3.341189097835892 
1339 	 3.332934290332052 
1340 	 3.3217364885751546 
1341 	 3.326734174617534 
1342 	 3.318211878101566 
1343 	 3.33580819995464 
1344 	 3.3453063818520348 
1345 	 3.325564921824665 
1346 	 3.322936557043516 
1347 	 3.34891302987353 
1348 	 3.3383839521187917 
1349 	 3.3169611886975563 
1350 	 3.342049651327575 
1351 	 3.3250034987717987 
1352 	 3.3377923701789274 
1353 	 3.3387897815596723 
1354 	 3.3246738136336282 
1355 	 3.310934572799659 
1356 	 3.318328767217679 
1357 	 3.348594412995531 
1358 	 3.322899114951795 
1359 	 3.3356961391898334 
1360 	 3.339711612749094 
1361 	 3.3372865036839587 
1362 	 3.3335090352719674 
1363 	 3.3140630891137577 
1364 	 3.3293538232059405 
1365 	 3.338974426530186 
1366 	 3.3592106761708638 
1367 	 3.329360457675552 
1368 	 3.336493009061937 
1369 	 3.3448559211028646 
1370 	 3.335723026366352 
1371 	 3.326375618151447 
1372 	 3.340487332541558 
1373 	 3.319390276215698 
1374 	 3.339817647485591 
1375 	 3.3570994589824803 
1376 	 3.320327094290909 
1377 	 3.3150052955770586 
1378 	 3.338199634327147 
1379 	 3.3088275626279255 
1380 	 3.328621080169079 
1381 	 3.331048980409329 
1382 	 3.3428398004781634 
1383 	 3.311902017790557 
1384 	 3.3397492027961766 
1385 	 3.333402789098263 
1386 	 3.3554892735745434 
1387 	 3.333212659059745 
1388 	 3.338547011198939 
1389 	 3.3530616918423566 
1390 	 3.3228656454525236 
1391 	 3.3217842852941155 
1392 	 3.3148607509042027 
1393 	 3.351165243629555 
1394 	 3.3301705455966633 
1395 	 3.3155065597952396 
1396 	 3.335143053628544 
1397 	 3.326744656260715 
1398 	 3.3243941238314334 
1399 	 3.309534636774253 
1400 	 3.3445788627944744 
1401 	 3.321362209031487 
1402 	 3.327001983005226 
1403 	 3.3196411355896895 
1404 	 3.325637990924608 
1405 	 3.3302399792290935 
1406 	 3.3470194802414825 
1407 	 3.312934306518984 
1408 	 3.3350786210724435 
1409 	 3.3405019468825263 
1410 	 3.3213010594617334 
1411 	 3.332365545379481 
1412 	 3.345344597879248 
1413 	 3.31591201986476 
1414 	 3.340767577165073 
1415 	 3.3243536210384845 
1416 	 3.3277117041730984 
1417 	 3.3434262929184926 
1418 	 3.340862915821536 
1419 	 3.328468262825124 
1420 	 3.3416654036898783 
1421 	 3.325302207577801 
1422 	 3.3241741650435372 
1423 	 3.354660970027662 
1424 	 3.3239923732565475 
1425 	 3.3401388701309522 
1426 	 3.3524477652429776 
1427 	 3.3290723593509806 
1428 	 3.3295392407601385 
1429 	 3.3293794817939713 
1430 	 3.34390660818958 
1431 	 3.3408547903453267 
1432 	 3.3270286682858914 
1433 	 3.3420632679486633 
1434 	 3.323815601501946 
1435 	 3.3293478381473594 
1436 	 3.3364570023265525 
1437 	 3.3271082534353473 
1438 	 3.352198025419614 
1439 	 3.3395682165287384 
1440 	 3.327567189173061 
1441 	 3.3491519081667267 
1442 	 3.318608065144644 
1443 	 3.325338094440418 
1444 	 3.324437214120377 
1445 	 3.3438295896678367 
1446 	 3.330744806403887 
1447 	 3.3261659968930095 
1448 	 3.3324375999842144 
1449 	 3.348094551083397 
1450 	 3.3310920723145516 
1451 	 3.3275847152847238 
1452 	 3.3373441813041502 
1453 	 3.335808853851049 
1454 	 3.3375923556168385 
1455 	 3.338906888807516 
1456 	 3.3270271571888568 
1457 	 3.32782489806941 
1458 	 3.3291807875804023 
1459 	 3.321101531121574 
1460 	 3.3459735083408497 
1461 	 3.3587881645787574 
1462 	 3.3383432226932666 
1463 	 3.321398125052694 
1464 	 3.3404051008917275 
1465 	 3.3167033481916426 
1466 	 3.3570989285908386 
1467 	 3.3469766977653372 
1468 	 3.355521881914356 
1469 	 3.3428085080156884 
1470 	 3.3432650124392214 
1471 	 3.342889445665711 
1472 	 3.330246738670301 
1473 	 3.3346018372849633 
1474 	 3.315420815804539 
1475 	 3.314525941459728 
1476 	 3.330722557822853 
1477 	 3.3263659023760392 
1478 	 3.3265664418911145 
1479 	 3.3342694152406405 
1480 	 3.3345909288064868 
1481 	 3.354448159136792 
1482 	 3.3315162641762663 
1483 	 3.333700471774811 
1484 	 3.337222550183324 
1485 	 3.3376670688673546 
1486 	 3.302274467267813 
1487 	 3.3316464034522353 
1488 	 3.348603468098472 
1489 	 3.3254023123663057 
1490 	 3.3352984667953303 
1491 	 3.3320419891843884 
1492 	 3.338569586795169 
1493 	 3.3282773274407136 
1494 	 3.3319541203470364 
1495 	 3.35799596843866 
1496 	 3.333461006823711 
1497 	 3.328668153105752 
1498 	 3.324672567215 
1499 	 3.333250825508575 
1500 	 3.328900592260509 
1501 	 3.342390935937672 
1502 	 3.3425984267634727 
1503 	 3.3378959122820326 
1504 	 3.3337716569751565 
1505 	 3.3130989651419185 
1506 	 3.3581401806215343 
1507 	 3.3325471937449063 
1508 	 3.312160064865742 
1509 	 3.3416140922898587 
1510 	 3.336836780544034 
1511 	 3.353531268842175 
1512 	 3.321526217660019 
1513 	 3.3315073380538838 
1514 	 3.3349684456319135 
1515 	 3.330658496206277 
1516 	 3.3403903802675634 
1517 	 3.3411778028129615 
1518 	 3.329185091680794 
1519 	 3.34532575503895 
1520 	 3.3231718453922054 
1521 	 3.32517675042453 
1522 	 3.3379068589754226 
1523 	 3.337824272201821 
1524 	 3.319581625325237 
1525 	 3.3332325221363934 
1526 	 3.32615304403583 
1527 	 3.352343647650945 
1528 	 3.347673682811157 
1529 	 3.332060863343444 
1530 	 3.3468195850108184 
1531 	 3.3389294487643544 
1532 	 3.3321929629633966 
1533 	 3.35025706289294 
1534 	 3.338888014445897 
1535 	 3.3584787989678535 
1536 	 3.3490418716818127 
1537 	 3.3160334979148116 
1538 	 3.3477026602401354 
1539 	 3.3354471634457945 
1540 	 3.3380022160210663 
1541 	 3.318883873360859 
1542 	 3.341296443812587 
1543 	 3.3404010647429927 
1544 	 3.3278202323099144 
1545 	 3.3228766038016464 
1546 	 3.3307303188716206 
1547 	 3.318847501576036 
1548 	 3.3583175538326313 
1549 	 3.336370185361908 
1550 	 3.331477440002521 
1551 	 3.33666455258129 
1552 	 3.3261961326258724 
1553 	 3.3458039962869206 
1554 	 3.325864369022486 
1555 	 3.3477823827247093 
1556 	 3.3320362849535394 
1557 	 3.3315291198840797 
1558 	 3.3305689452994987 
1559 	 3.3273194501741346 
1560 	 3.3312310557727716 
1561 	 3.3411709109518335 
1562 	 3.3270060011865263 
1563 	 3.346954263108678 
1564 	 3.314258018297614 
1565 	 3.318914380598186 
1566 	 3.344940403512424 
1567 	 3.344791470067552 
1568 	 3.3144516250447174 
1569 	 3.333579979749867 
1570 	 3.326344743883532 
1571 	 3.3347693699051253 
1572 	 3.3446790312413324 
1573 	 3.323580288905845 
1574 	 3.3235279951947327 
1575 	 3.3344065481756173 
1576 	 3.3292997842808454 
1577 	 3.3294767003647276 
1578 	 3.317943780986719 
1579 	 3.325755406898519 
1580 	 3.341017535242772 
1581 	 3.336176472734964 
1582 	 3.314839033139466 
1583 	 3.34828657805954 
1584 	 3.338947900621507 
1585 	 3.3226791054458467 
1586 	 3.3403355992883093 
1587 	 3.3193259981770895 
1588 	 3.3345500462880215 
1589 	 3.334971553787804 
1590 	 3.319077541457008 
1591 	 3.332916255300847 
1592 	 3.3262941938177164 
1593 	 3.3142326461024645 
1594 	 3.3436167489066784 
1595 	 3.3260168507451078 
1596 	 3.3474786578440354 
1597 	 3.333052703060284 
1598 	 3.341594983666255 
1599 	 3.3445737825102175 
1600 	 3.328154281090626 
1601 	 3.3438104937063557 
1602 	 3.3164626303322007 
1603 	 3.3120723524414646 
1604 	 3.326900242439163 
1605 	 3.3217321537121123 
1606 	 3.333924462262932 
1607 	 3.3413709373580565 
1608 	 3.344312285340627 
1609 	 3.34556136051534 
1610 	 3.3185820758887026 
1611 	 3.318409152975371 
1612 	 3.334439402389238 
1613 	 3.3279910774355206 
1614 	 3.3369664134139407 
1615 	 3.326169710436099 
1616 	 3.3304171366095874 
1617 	 3.3281727421176877 
1618 	 3.3268378053580485 
1619 	 3.3383276402875888 
1620 	 3.3412909637882677 
1621 	 3.3449065666290014 
1622 	 3.347060178687438 
1623 	 3.3461677057054633 
1624 	 3.343766121275093 
1625 	 3.325856020292185 
1626 	 3.3237737503218345 
1627 	 3.336604580853165 
1628 	 3.3404015008821992 
1629 	 3.3237430695654613 
1630 	 3.3257430413786797 
1631 	 3.3204139960981136 
1632 	 3.3231738022994284 
1633 	 3.3185519109849415 
1634 	 3.350353728812005 
1635 	 3.3270608033875804 
1636 	 3.344783503602066 
1637 	 3.337439140094716 
1638 	 3.3256926680522785 
1639 	 3.3285286091832305 
1640 	 3.318383716576027 
1641 	 3.337304981072605 
1642 	 3.341177767743947 
1643 	 3.336515529269258 
1644 	 3.347542817651564 
1645 	 3.3371349475051155 
1646 	 3.335879353886444 
1647 	 3.32837490286438 
1648 	 3.3371604009045037 
1649 	 3.3183927023531874 
1650 	 3.3250840709885643 
1651 	 3.3452837614734356 
1652 	 3.33832695455714 
1653 	 3.3452249122766173 
1654 	 3.3205823289388947 
1655 	 3.3266027074503053 
1656 	 3.347742422473351 
1657 	 3.3371089343635494 
1658 	 3.3457610749691247 
1659 	 3.317373048608227 
1660 	 3.3341276226660166 
1661 	 3.343485201335143 
1662 	 3.3510589489599765 
1663 	 3.318590703485163 
1664 	 3.3475941321017895 
1665 	 3.3433830876673367 
1666 	 3.316951494516983 
1667 	 3.3270748080156984 
1668 	 3.3413400562444355 
1669 	 3.338510304163221 
1670 	 3.3308331138597893 
1671 	 3.347276084637799 
1672 	 3.3170100035066583 
1673 	 3.3255031915714826 
1674 	 3.33795964800429 
1675 	 3.335921742072216 
1676 	 3.3191084492581915 
1677 	 3.327357221914523 
1678 	 3.368348802310597 
1679 	 3.3471165324734096 
1680 	 3.3325067204392678 
1681 	 3.3338615565554273 
1682 	 3.3274161817627204 
1683 	 3.34138240281414 
1684 	 3.351906244550609 
1685 	 3.348993780217233 
1686 	 3.351088217489824 
1687 	 3.3188409645491648 
1688 	 3.3328978633354462 
1689 	 3.345847402161505 
1690 	 3.3279430085216477 
1691 	 3.351630568306428 
1692 	 3.3299914215273465 
1693 	 3.324139657283657 
1694 	 3.3397836343986627 
1695 	 3.349705944468097 
1696 	 3.3410439007135317 
1697 	 3.3383839838205303 
1698 	 3.310645913978077 
1699 	 3.3309007046983923 
1700 	 3.35288766118394 
1701 	 3.333287301987952 
1702 	 3.346252899728602 
1703 	 3.3473753915898365 
1704 	 3.3424627260448148 
1705 	 3.3409440451082495 
1706 	 3.3415479379710398 
1707 	 3.31566950716646 
1708 	 3.3274558279525137 
1709 	 3.312284700047217 
1710 	 3.340816354339619 
1711 	 3.338532197479054 
1712 	 3.338121961317674 
1713 	 3.335848796524943 
1714 	 3.327060231564369 
1715 	 3.334278889565081 
1716 	 3.3382199890751756 
1717 	 3.316575266190138 
1718 	 3.3278918537881688 
1719 	 3.3072009432506446 
1720 	 3.337134457444634 
1721 	 3.3137660503394577 
1722 	 3.329244450026397 
1723 	 3.327832080971888 
1724 	 3.3285787737407513 
1725 	 3.3471227566429933 
1726 	 3.318901732976694 
1727 	 3.327884621427657 
1728 	 3.3441747831082567 
1729 	 3.324595283872692 
1730 	 3.3394553116803642 
1731 	 3.347093317247504 
1732 	 3.330334830949877 
1733 	 3.339951955420737 
1734 	 3.3110633525480484 
1735 	 3.3130328296867226 
1736 	 3.333724898719161 
1737 	 3.319550266783957 
1738 	 3.3456390958722935 
1739 	 3.3394526547918018 
1740 	 3.32022461351338 
1741 	 3.33318587773103 
1742 	 3.321715593431713 
1743 	 3.3157431633202608 
1744 	 3.3379060267847676 
1745 	 3.3388891252131696 
1746 	 3.3411638699627746 
1747 	 3.342344779194133 
1748 	 3.3395081381922025 
1749 	 3.321036217149972 
1750 	 3.3166784698191205 
1751 	 3.337960085509368 
1752 	 3.3356449079697046 
1753 	 3.3315997959125476 
1754 	 3.30465475127174 
1755 	 3.3012632712458494 
1756 	 3.342343286096383 
1757 	 3.3405387532554354 
1758 	 3.3184916691314634 
1759 	 3.3202565556512424 
1760 	 3.3472940278553787 
1761 	 3.3283343965227687 
1762 	 3.345010235847697 
1763 	 3.3386834417826745 
1764 	 3.3382325581465464 
1765 	 3.330625010073544 
1766 	 3.3422392652038986 
1767 	 3.3454596432334887 
1768 	 3.347480476646102 
1769 	 3.338205491404769 
1770 	 3.3343904143433956 
1771 	 3.3152196362644153 
1772 	 3.3301514911906653 
1773 	 3.3255810375783876 
1774 	 3.3298229239331323 
1775 	 3.328613356424845 
1776 	 3.344029959000083 
1777 	 3.33768973129181 
1778 	 3.331324380414542 
1779 	 3.334395027181495 
1780 	 3.329242941560165 
1781 	 3.3291034459613966 
1782 	 3.3347413260827263 
1783 	 3.3281725534756945 
1784 	 3.336698925443596 
1785 	 3.3300989483138266 
1786 	 3.3324779448074793 
1787 	 3.3300468716107705 
1788 	 3.3149708911354763 
1789 	 3.320096116266226 
1790 	 3.311426285272364 
1791 	 3.3503494959418543 
1792 	 3.34393384422296 
1793 	 3.3245126837049117 
1794 	 3.326657655808958 
1795 	 3.324857701385948 
1796 	 3.3368808008286024 
1797 	 3.3469390914442774 
1798 	 3.3143398377540456 
1799 	 3.311758186223826 
1800 	 3.3297089910229185 
1801 	 3.338999489791223 
1802 	 3.3168619283136302 
1803 	 3.342060189673145 
1804 	 3.3203977166707697 
1805 	 3.329818827470499 
1806 	 3.334238219711305 
1807 	 3.342476595392258 
1808 	 3.3180269604415065 
1809 	 3.333088888767801 
1810 	 3.3300201624309502 
1811 	 3.3352783645800805 
1812 	 3.3501018460083 
1813 	 3.3342686487221513 
1814 	 3.3166445016927106 
1815 	 3.3407854219621864 
1816 	 3.322434250109927 
1817 	 3.3425467114153458 
1818 	 3.3382062321291657 
1819 	 3.3363584798867074 
1820 	 3.3348699488062485 
1821 	 3.3572982006311496 
1822 	 3.334590827194744 
1823 	 3.332847034398924 
1824 	 3.3345912488161757 
1825 	 3.3417872314492487 
1826 	 3.343977156649424 
1827 	 3.3196097367175845 
1828 	 3.3307294732171084 
1829 	 3.3405174710382957 
1830 	 3.336651399063186 
1831 	 3.3548864999020886 
1832 	 3.3340033108680984 
1833 	 3.3350297840664127 
1834 	 3.338862374254013 
1835 	 3.334411784953725 
1836 	 3.331402858234225 
1837 	 3.33147336822246 
1838 	 3.3274986554800403 
1839 	 3.3422173893948166 
1840 	 3.334921440794556 
1841 	 3.3201057992255993 
1842 	 3.3306943217574654 
1843 	 3.3479890491482465 
1844 	 3.332814663097126 
1845 	 3.3240702083581617 
1846 	 3.327271184256142 
1847 	 3.3205449781268186 
1848 	 3.3301556007868385 
1849 	 3.3283821575239383 
1850 	 3.32186874198452 
1851 	 3.3344410538756493 
1852 	 3.3494790841170157 
1853 	 3.346418925529653 
1854 	 3.3282451172148257 
1855 	 3.348593081510007 
1856 	 3.322964276338177 
1857 	 3.341456280089519 
1858 	 3.347406230787297 
1859 	 3.3153625513662077 
1860 	 3.353298604090212 
1861 	 3.3347275162732024 
1862 	 3.313522924038198 
1863 	 3.3183889079192666 
1864 	 3.3222316223802624 
1865 	 3.3466228855867577 
1866 	 3.3559179928143896 
1867 	 3.336115952271412 
1868 	 3.331184141166081 
1869 	 3.329149168515843 
1870 	 3.3547469163515813 
1871 	 3.335181749126617 
1872 	 3.335498756459667 
1873 	 3.32906606513584 
1874 	 3.3392401774156495 
1875 	 3.350960003588046 
1876 	 3.3360463366794644 
1877 	 3.3310534637633977 
1878 	 3.320747329514563 
1879 	 3.3299106825144618 
1880 	 3.323127340782944 
1881 	 3.344896360092482 
1882 	 3.300415470409157 
1883 	 3.3435095395233643 
1884 	 3.3176731969441726 
1885 	 3.3428930320175234 
1886 	 3.328484272184926 
1887 	 3.3553305327414535 
1888 	 3.3499836347132255 
1889 	 3.3358048568759004 
1890 	 3.3250636597398593 
1891 	 3.316617322177893 
1892 	 3.33863780152352 
1893 	 3.318851868700897 
1894 	 3.3477948357475973 
1895 	 3.331035713514304 
1896 	 3.3168843494185354 
1897 	 3.3448516589754447 
1898 	 3.3384153179646106 
1899 	 3.350363814062781 
1900 	 3.3468058901786946 
1901 	 3.3527772433862943 
1902 	 3.3492460966375406 
1903 	 3.34533013091752 
1904 	 3.341069459493804 
1905 	 3.3537040607733597 
1906 	 3.3428175813358623 
1907 	 3.3402222574661042 
1908 	 3.3052253219870034 
1909 	 3.3241789558065666 
1910 	 3.342284024161953 
1911 	 3.3190390197699284 
1912 	 3.338892477022095 
1913 	 3.31888482827006 
1914 	 3.3330959637157047 
1915 	 3.3357071942990872 
1916 	 3.343535858676224 
1917 	 3.324090694938752 
1918 	 3.332567947265941 
1919 	 3.340137702744225 
1920 	 3.3283989067757815 
1921 	 3.3339401073507364 
1922 	 3.3429098067988043 
1923 	 3.326053907281928 
1924 	 3.33226203864769 
1925 	 3.33238539557047 
1926 	 3.3370478970715114 
1927 	 3.316564709129833 
1928 	 3.32827366180853 
1929 	 3.359631153891984 
1930 	 3.312376832499302 
1931 	 3.3463417083360936 
1932 	 3.350790579501863 
1933 	 3.3376010119378328 
1934 	 3.32338797414299 
1935 	 3.324647426258407 
1936 	 3.336196138688095 
1937 	 3.3184966798550577 
1938 	 3.3151902246940934 
1939 	 3.31822675348311 
1940 	 3.3547882810163467 
1941 	 3.3180140684528223 
1942 	 3.329118116386933 
1943 	 3.346943326422427 
1944 	 3.3445439042465566 
1945 	 3.3356964793928237 
1946 	 3.3296142681455256 
1947 	 3.320311248196996 
1948 	 3.3248600400685158 
1949 	 3.3454692427826984 
1950 	 3.327408595745739 
1951 	 3.341969521429086 
1952 	 3.3464636771932756 
1953 	 3.355460042119293 
1954 	 3.338468271417997 
1955 	 3.339795914061653 
1956 	 3.339834701496236 
1957 	 3.3404682013361726 
1958 	 3.3389877527259224 
1959 	 3.3242902947518953 
1960 	 3.3175521958570386 
1961 	 3.3331583904796935 
1962 	 3.3477153184012907 
1963 	 3.3357085497009984 
1964 	 3.3455417366784466 
1965 	 3.3128680037214533 
1966 	 3.3327708414118624 
1967 	 3.328959277679807 
1968 	 3.324472049442551 
1969 	 3.3322438398981977 
1970 	 3.3390303046294334 
1971 	 3.336716368161679 
1972 	 3.3506224814970715 
1973 	 3.3318470039644694 
1974 	 3.349065884925786 
1975 	 3.3255125936869843 
1976 	 3.334262177927356 
1977 	 3.3466227481198842 
1978 	 3.3323594716498075 
1979 	 3.331424543812361 
1980 	 3.3385993334893573 
1981 	 3.3367155963952717 
1982 	 3.330177179408645 
1983 	 3.3476419756255935 
1984 	 3.3234935378232264 
1985 	 3.3514423513538003 
1986 	 3.342418647941428 
1987 	 3.329951863167978 
1988 	 3.3128026847240397 
1989 	 3.3525307637901296 
1990 	 3.3506912250220173 
1991 	 3.3471586659980055 
1992 	 3.3222058628949753 
1993 	 3.34552344523329 
1994 	 3.3209418485720503 
1995 	 3.321466721603387 
1996 	 3.3491733334325167 
1997 	 3.3459278288137013 
1998 	 3.347042449305399 
1999 	 3.3491664548261615 
2000 	 3.335027284032711 
2001 	 3.339451524912737 
2002 	 3.3321303864812246 
2003 	 3.3151014845509086 
2004 	 3.336508626236746 
2005 	 3.3199548575381552 
2006 	 3.33000464605812 
2007 	 3.320914013879957 
2008 	 3.329232563578224 
2009 	 3.342718174026252 
2010 	 3.339739221455341 
2011 	 3.3279464762328423 
2012 	 3.347544990415331 
2013 	 3.331187439461759 
2014 	 3.3304892939100847 
2015 	 3.345256404457731 
2016 	 3.3305425336972627 
2017 	 3.3353195044680417 
2018 	 3.333740256367062 
2019 	 3.3372250527446985 
2020 	 3.32754932404658 
2021 	 3.3267916440555934 
2022 	 3.3204119765426015 
2023 	 3.3123139311423486 
2024 	 3.33059238891918 
2025 	 3.3505274376864747 
2026 	 3.3123721624314446 
2027 	 3.3327088579721407 
2028 	 3.3287450978063946 
2029 	 3.3457004232096277 
2030 	 3.32184800852118 
2031 	 3.3333246246403263 
2032 	 3.3303144767722874 
2033 	 3.3373334180668097 
2034 	 3.351497124828678 
2035 	 3.3247045820200034 
2036 	 3.3034382105710005 
2037 	 3.3415683910064646 
2038 	 3.345565521962137 
2039 	 3.338081125754303 
2040 	 3.3386426034914316 
2041 	 3.342873887189482 
2042 	 3.3306096701755825 
2043 	 3.359554524729384 
2044 	 3.3203550705271296 
2045 	 3.333819136194438 
2046 	 3.3502010468175283 
2047 	 3.318995245559014 
2048 	 3.32014412534361 
2049 	 3.3428670726298937 
2050 	 3.326938703720352 
2051 	 3.3378301901363536 
2052 	 3.319866004909799 
2053 	 3.342794375634345 
2054 	 3.3329084833198626 
2055 	 3.35310934075728 
2056 	 3.3428249016365434 
2057 	 3.3396928264880166 
2058 	 3.3320427857785027 
2059 	 3.340575773813393 
2060 	 3.317520353787947 
2061 	 3.3450284665322654 
2062 	 3.33743406579844 
2063 	 3.3348226990476015 
2064 	 3.336345847576477 
2065 	 3.3234659003623768 
2066 	 3.3398576164213924 
2067 	 3.31308113398987 
2068 	 3.3313355064565258 
2069 	 3.3400557303890968 
2070 	 3.334616634432845 
2071 	 3.338355535632507 
2072 	 3.3413323475308436 
2073 	 3.3249912205260537 
2074 	 3.335297868701296 
2075 	 3.343849092441439 
2076 	 3.3287177716393908 
2077 	 3.317073840914866 
2078 	 3.333498034294637 
2079 	 3.326512541141421 
2080 	 3.3427658256780566 
2081 	 3.340294540640284 
2082 	 3.327525491472286 
2083 	 3.3251293970514246 
2084 	 3.337628502314663 
2085 	 3.3533922363874087 
2086 	 3.3462531606176644 
2087 	 3.3214814219370634 
2088 	 3.3414582075257515 
2089 	 3.3309732931662817 
2090 	 3.3227323914840468 
2091 	 3.3536573046117217 
2092 	 3.3311017596025887 
2093 	 3.342729851810806 
2094 	 3.3345281559109585 
2095 	 3.3127033923263407 
2096 	 3.3207964150926577 
2097 	 3.348018598029564 
2098 	 3.336845223112249 
2099 	 3.3264928521180925 
2100 	 3.332856086281595 
2101 	 3.3262835122855816 
2102 	 3.3374382682538064 
2103 	 3.3525135205692305 
2104 	 3.343288609906073 
2105 	 3.345265930901658 
2106 	 3.340464415086992 
2107 	 3.3327272908172825 
2108 	 3.3395712620817353 
2109 	 3.326119731662671 
2110 	 3.3380838156480013 
2111 	 3.3484730532692897 
2112 	 3.3229300093581515 
2113 	 3.330468420472542 
2114 	 3.334231836092438 
2115 	 3.349746425283003 
2116 	 3.332903932153407 
2117 	 3.3080076093562925 
2118 	 3.3286853474399796 
2119 	 3.320406528501772 
2120 	 3.3398601199738347 
2121 	 3.3454225177477457 
2122 	 3.3304810354911223 
2123 	 3.347578850077927 
2124 	 3.3289395595683553 
2125 	 3.344266827038224 
2126 	 3.3504948904060927 
2127 	 3.3263012743713967 
2128 	 3.336940138601142 
2129 	 3.3289945093331728 
2130 	 3.334361453208566 
2131 	 3.3659882961727634 
2132 	 3.3343583579731892 
2133 	 3.341632039919953 
2134 	 3.3273601747560013 
2135 	 3.346861641118572 
2136 	 3.321131431127088 
2137 	 3.3219885510512186 
2138 	 3.3408796419914943 
2139 	 3.3436045464200372 
2140 	 3.3452303870139017 
2141 	 3.3227432081292148 
2142 	 3.326606690873392 
2143 	 3.314848101584782 
2144 	 3.328362435475355 
2145 	 3.3381182606796034 
2146 	 3.3410351119603923 
2147 	 3.3388028005377266 
2148 	 3.300913676697207 
2149 	 3.347958816019095 
2150 	 3.3311877586029577 
2151 	 3.3207804066408038 
2152 	 3.3252704427109947 
2153 	 3.3309276487893587 
2154 	 3.342338138823145 
2155 	 3.32236490376491 
2156 	 3.3362235830837035 
2157 	 3.338058867195234 
2158 	 3.3356397867893812 
2159 	 3.3429174424641817 
2160 	 3.324146013159215 
2161 	 3.340045633474138 
2162 	 3.3531544649231906 
2163 	 3.334302358820726 
2164 	 3.335542169260247 
2165 	 3.3230745416121406 
2166 	 3.3261612690448947 
2167 	 3.341249995893516 
2168 	 3.3422748066297947 
2169 	 3.3475394343041414 
2170 	 3.3297256672283875 
2171 	 3.3470984153429533 
2172 	 3.321240102528154 
2173 	 3.3094917678689426 
2174 	 3.3433506006232934 
2175 	 3.3472050535802036 
2176 	 3.3148888236609357 
2177 	 3.321405831280804 
2178 	 3.317944457573533 
2179 	 3.3231976527125493 
2180 	 3.3228182349168653 
2181 	 3.3211801689931515 
2182 	 3.3555432663195583 
2183 	 3.3374825866054705 
2184 	 3.348494085583942 
2185 	 3.3222784581180966 
2186 	 3.3428527161813832 
2187 	 3.3223997156639262 
2188 	 3.34301640585011 
2189 	 3.345226957909632 
2190 	 3.3409013075436773 
2191 	 3.320332738666197 
2192 	 3.359445122247376 
2193 	 3.3186460344809428 
2194 	 3.3147339085670366 
2195 	 3.3213815473225927 
2196 	 3.3303807605344637 
2197 	 3.3299746931608873 
2198 	 3.3314740392019755 
2199 	 3.322059963843001 
2200 	 3.326657992123735 
2201 	 3.3484459171736107 
2202 	 3.3231169889877323 
2203 	 3.320098173039737 
2204 	 3.3363630981977623 
2205 	 3.3271754168736187 
2206 	 3.3428062641830905 
2207 	 3.3416055550853034 
2208 	 3.305962850370339 
2209 	 3.3294897095124414 
2210 	 3.3310892126841694 
2211 	 3.344302092280596 
2212 	 3.3294339006431874 
2213 	 3.3478403290983536 
2214 	 3.3338980476090176 
2215 	 3.351402556985655 
2216 	 3.307308200316657 
2217 	 3.345725081163438 
2218 	 3.3372937145710213 
2219 	 3.3326596364404435 
2220 	 3.349375968135355 
2221 	 3.351238869740047 
2222 	 3.3360303983882607 
2223 	 3.310250235290684 
2224 	 3.346518522438146 
2225 	 3.333512921118378 
2226 	 3.343516431897755 
2227 	 3.3279173441573335 
2228 	 3.3475319560470913 
2229 	 3.347518554804231 
2230 	 3.336646100673595 
2231 	 3.3371663946911334 
2232 	 3.3257607420167337 
2233 	 3.3411266716441737 
2234 	 3.3412374663365942 
2235 	 3.3315283909191993 
2236 	 3.344262509734943 
2237 	 3.3216091582047755 
2238 	 3.324680906474884 
2239 	 3.354272649272356 
2240 	 3.32826112566692 
2241 	 3.3247983354554895 
2242 	 3.3295309917518754 
2243 	 3.333552743090813 
2244 	 3.345118626125255 
2245 	 3.339852817629826 
2246 	 3.345599817276883 
2247 	 3.3245538578517086 
2248 	 3.32139460746922 
2249 	 3.309492306500871 
2250 	 3.347558134423944 
2251 	 3.3356321741108883 
2252 	 3.2999146163956907 
2253 	 3.344981195897932 
2254 	 3.3352837679441056 
2255 	 3.330694317138535 
2256 	 3.3268628149035333 
2257 	 3.3109384616392807 
2258 	 3.3440336809141487 
2259 	 3.348869845087508 
2260 	 3.325806003506935 
2261 	 3.338322121331307 
2262 	 3.342166863430584 
2263 	 3.3275924715147576 
2264 	 3.338839019080243 
2265 	 3.3404346519070534 
2266 	 3.3252360976906834 
2267 	 3.3302898003981913 
2268 	 3.330400018721995 
2269 	 3.335997634212371 
2270 	 3.345003990151331 
2271 	 3.3446552662000433 
2272 	 3.333203087751454 
2273 	 3.3246392171053225 
2274 	 3.31475451946428 
2275 	 3.3303212793107346 
2276 	 3.3527244508753786 
2277 	 3.327358861128344 
2278 	 3.330051001988917 
2279 	 3.3405791589844824 
2280 	 3.3525429244261318 
2281 	 3.338977567577292 
2282 	 3.3442512418071146 
2283 	 3.3462256018357337 
2284 	 3.329133665864971 
2285 	 3.3218105764397228 
2286 	 3.3399940731764484 
2287 	 3.3464607045784125 
2288 	 3.3196658150226597 
2289 	 3.3172237733845225 
2290 	 3.343335454786183 
2291 	 3.341102249763609 
2292 	 3.3389500933201846 
2293 	 3.3269447722145524 
2294 	 3.342912977781369 
2295 	 3.3318264878295087 
2296 	 3.3306520742700543 
2297 	 3.333419048860106 
2298 	 3.3288274350228635 
2299 	 3.3561101763922907 
2300 	 3.33610599207868 
2301 	 3.3279355382513724 
2302 	 3.3192002248916843 
2303 	 3.3396934654048627 
2304 	 3.3453152265745283 
2305 	 3.3146789729362482 
2306 	 3.356414543198698 
2307 	 3.32369309578843 
2308 	 3.322917135876098 
2309 	 3.3189050965480544 
2310 	 3.327605534553257 
2311 	 3.3327834184406995 
2312 	 3.3400428843666874 
2313 	 3.3489976146761586 
2314 	 3.3287833848057704 
2315 	 3.332985310748595 
2316 	 3.330471941522902 
2317 	 3.3312491331514185 
2318 	 3.3123568482305537 
2319 	 3.321440143666771 
2320 	 3.3252851008320916 
2321 	 3.3544937398262316 
2322 	 3.335498589115616 
2323 	 3.340517728836669 
2324 	 3.316471307513785 
2325 	 3.340990863132372 
2326 	 3.3278010514375653 
2327 	 3.3397307611285534 
2328 	 3.3276903246046583 
2329 	 3.344432674774373 
2330 	 3.33154697404374 
2331 	 3.3210695856938854 
2332 	 3.333135930607904 
2333 	 3.308363163333881 
2334 	 3.3375163610208065 
2335 	 3.332749043597916 
2336 	 3.3333272131995746 
2337 	 3.315781027865189 
2338 	 3.321432045101259 
2339 	 3.3351284457142576 
2340 	 3.3318745196924686 
2341 	 3.3277252015139522 
2342 	 3.335066843323233 
2343 	 3.3398854324810414 
2344 	 3.3038716080103905 
2345 	 3.340432385407384 
2346 	 3.320198332456714 
2347 	 3.311064772743156 
2348 	 3.331485709864005 
2349 	 3.3344826060624793 
2350 	 3.3443890071318 
2351 	 3.3302293655651436 
2352 	 3.342803036470881 
2353 	 3.3267977300081193 
2354 	 3.3319884637395516 
2355 	 3.3253388204617065 
2356 	 3.3272663770327777 
2357 	 3.3558648297979436 
2358 	 3.3378027884878962 
2359 	 3.330052246372935 
2360 	 3.324529977146353 
2361 	 3.325971712105677 
2362 	 3.3472180364117734 
2363 	 3.325726262265086 
2364 	 3.345067660985107 
2365 	 3.316237467690596 
2366 	 3.3428312216521348 
2367 	 3.308588276937882 
2368 	 3.3474606056794967 
2369 	 3.325051639369411 
2370 	 3.33764201942958 
2371 	 3.3281955935851473 
2372 	 3.328083896278744 
2373 	 3.343958486505267 
2374 	 3.3224490299925264 
2375 	 3.3106589217681774 
2376 	 3.3437971689751897 
2377 	 3.3436025868345527 
2378 	 3.360719529908317 
2379 	 3.3543548827946306 
2380 	 3.3328144725149667 
2381 	 3.3185729469937417 
2382 	 3.3316006631577344 
2383 	 3.317254545820955 
2384 	 3.348365513497702 
2385 	 3.333656563442872 
2386 	 3.3402033014977635 
2387 	 3.3324656918870796 
2388 	 3.331756496798608 
2389 	 3.3393978996123046 
2390 	 3.3545687283394163 
2391 	 3.329383384789881 
2392 	 3.329635388117995 
2393 	 3.3324729426628497 
2394 	 3.340941942103768 
2395 	 3.3547408080585677 
2396 	 3.330782073609655 
2397 	 3.340902207302596 
2398 	 3.3405838147333506 
2399 	 3.339899318300158 
2400 	 3.3353907393188917 
2401 	 3.3388558122786414 
2402 	 3.3320772302920245 
2403 	 3.3413278432404128 
2404 	 3.343481453055749 
2405 	 3.3343350404363634 
2406 	 3.3359820735701957 
2407 	 3.3527614872833533 
2408 	 3.3334399121048053 
2409 	 3.34645214418229 
2410 	 3.321513714207141 
2411 	 3.356274815228738 
2412 	 3.3311098298798463 
2413 	 3.331731723985705 
2414 	 3.343141921842091 
2415 	 3.3369936550872974 
2416 	 3.3291955640298982 
2417 	 3.3182821279514316 
2418 	 3.3263187255608666 
2419 	 3.343856876102528 
2420 	 3.3305774386067086 
2421 	 3.3300739937600077 
2422 	 3.3348722362385743 
2423 	 3.3365471339798694 
2424 	 3.3519430623725053 
2425 	 3.315334945078788 
2426 	 3.3297077454912563 
2427 	 3.3356353033069595 
2428 	 3.346169203373932 
2429 	 3.3410754388913313 
2430 	 3.3421363820650316 
2431 	 3.3243590831916507 
2432 	 3.3255422301909183 
2433 	 3.3249980347245827 
2434 	 3.3350369425833675 
2435 	 3.3248462451252316 
2436 	 3.3244640715600466 
2437 	 3.343825342991058 
2438 	 3.3263796805700294 
2439 	 3.3256542700428913 
2440 	 3.327098104060401 
2441 	 3.3420082077021087 
2442 	 3.329777670719235 
2443 	 3.3400253759999314 
2444 	 3.351343607395881 
2445 	 3.346717357302319 
2446 	 3.332338951568495 
2447 	 3.3276482620909515 
2448 	 3.3302560996578 
2449 	 3.3493974219872524 
2450 	 3.346246222025936 
2451 	 3.3424569543771385 
2452 	 3.342963203664842 
2453 	 3.342382367669928 
2454 	 3.3392265367826823 
2455 	 3.334185600955034 
2456 	 3.3301855661423976 
2457 	 3.3438097440231918 
2458 	 3.345736649864806 
2459 	 3.348295471678811 
2460 	 3.33934065359539 
2461 	 3.336196491361086 
2462 	 3.335422716807924 
2463 	 3.3313026225644276 
2464 	 3.307591426706727 
2465 	 3.3507395297898483 
2466 	 3.32841404875232 
2467 	 3.3611715549145367 
2468 	 3.3172594036253735 
2469 	 3.340089435683009 
2470 	 3.313248228865469 
2471 	 3.3359055775040605 
2472 	 3.3303717318663613 
2473 	 3.3275888936165314 
2474 	 3.32760512364774 
2475 	 3.344806689600864 
2476 	 3.3290771827396957 
2477 	 3.3183784617417884 
2478 	 3.347591302863154 
2479 	 3.3379384948502007 
2480 	 3.3306634905244135 
2481 	 3.319954062949558 
2482 	 3.3361167776402603 
2483 	 3.3366558801572963 
2484 	 3.3332744634377485 
2485 	 3.3386662944022887 
2486 	 3.3438788456916515 
2487 	 3.34515473877939 
2488 	 3.3219445316312 
2489 	 3.3246889924689063 
2490 	 3.3037766777907884 
2491 	 3.3512928848935473 
2492 	 3.3331429958885317 
2493 	 3.3248179510854206 
2494 	 3.3370799981584356 
2495 	 3.319682253641303 
2496 	 3.322352400390373 
2497 	 3.331140028952581 
2498 	 3.33000358388601 
2499 	 3.316479132296751 
2500 	 3.3514693330173366 
2501 	 3.332237844543568 
2502 	 3.328205175189735 
2503 	 3.3176004107153187 
2504 	 3.3329745602068437 
2505 	 3.357138141606432 
2506 	 3.338513965731326 
2507 	 3.3414361876912806 
2508 	 3.349101740052606 
2509 	 3.3472210006898564 
2510 	 3.3441148724860397 
2511 	 3.311283079759961 
2512 	 3.33819216749852 
2513 	 3.326836901955138 
2514 	 3.322212555710482 
2515 	 3.3306217649971757 
2516 	 3.3296967832480315 
2517 	 3.3272128175724798 
2518 	 3.3368822676981322 
2519 	 3.329449937460457 
2520 	 3.317261904152623 
2521 	 3.338592663689168 
2522 	 3.331884404756068 
2523 	 3.3247212207749963 
2524 	 3.3399135507685784 
2525 	 3.3414962105032036 
2526 	 3.3384727800091363 
2527 	 3.337640269291104 
2528 	 3.3340158427002584 
2529 	 3.344522051250805 
2530 	 3.3271903420044042 
2531 	 3.332001786593592 
2532 	 3.318287448619504 
2533 	 3.3478989056674773 
2534 	 3.328040329000236 
2535 	 3.3413667162844463 
2536 	 3.3448074654811175 
2537 	 3.328823479377934 
2538 	 3.3347929509116288 
2539 	 3.331590948020993 
2540 	 3.325968828075409 
2541 	 3.3432867258810437 
2542 	 3.31784720944091 
2543 	 3.340236766557013 
2544 	 3.34611570247145 
2545 	 3.3419699405623016 
2546 	 3.3293038702558775 
2547 	 3.338152935403882 
2548 	 3.3387660288873 
2549 	 3.3275115858371342 
2550 	 3.3300472203585367 
2551 	 3.355075534598108 
2552 	 3.332551113139117 
2553 	 3.3427392352805705 
2554 	 3.3398799361136446 
2555 	 3.3227670134481158 
2556 	 3.346590592348947 
2557 	 3.3365322849258416 
2558 	 3.327968869898773 
2559 	 3.340064324513687 
2560 	 3.3300581356008485 
2561 	 3.3410951250999705 
2562 	 3.343460993261013 
2563 	 3.3423212324136737 
2564 	 3.33675277429736 
2565 	 3.3521412489438274 
2566 	 3.3204193181063197 
2567 	 3.3242700050204617 
2568 	 3.3263625420055614 
2569 	 3.341130049562243 
2570 	 3.3223450244192967 
2571 	 3.3382082723202036 
2572 	 3.3512603947869977 
2573 	 3.3302312286285765 
2574 	 3.3331832082855435 
2575 	 3.3343150213633477 
2576 	 3.309470302266624 
2577 	 3.3207541624681123 
2578 	 3.33507437724017 
2579 	 3.3266999277156106 
2580 	 3.3303582215862475 
2581 	 3.3297916000958026 
2582 	 3.3359388272040436 
2583 	 3.3247873614772723 
2584 	 3.3318938585191815 
2585 	 3.3289900976786915 
2586 	 3.3388916606234234 
2587 	 3.342258213720723 
2588 	 3.3339769554633953 
2589 	 3.337833479352743 
2590 	 3.31268271144682 
2591 	 3.3405556391060407 
2592 	 3.3462224164087035 
2593 	 3.331481067473778 
2594 	 3.3212804450060127 
2595 	 3.349659881577037 
2596 	 3.319974601386407 
2597 	 3.325681919352654 
2598 	 3.3145142734926805 
2599 	 3.328513120858834 
2600 	 3.35841803180933 
2601 	 3.3189260951105255 
2602 	 3.3267502313616792 
2603 	 3.3216601571460953 
2604 	 3.3204849458351924 
2605 	 3.3193247958226837 
2606 	 3.346108965809348 
2607 	 3.349842315090545 
2608 	 3.3178000257052527 
2609 	 3.3415905079699897 
2610 	 3.3192523501756157 
2611 	 3.331365925298468 
2612 	 3.3382462849643195 
2613 	 3.3368471080229765 
2614 	 3.340278266991814 
2615 	 3.332244902942281 
2616 	 3.3434064433012205 
2617 	 3.3354563378797977 
2618 	 3.340070974062053 
2619 	 3.3330093063872455 
2620 	 3.3315007606067866 
2621 	 3.331381310996458 
2622 	 3.337105168954888 
2623 	 3.3282005344673653 
2624 	 3.33956567946057 
2625 	 3.3392427497519903 
2626 	 3.3306407819495023 
2627 	 3.3446751011845053 
2628 	 3.3336396881402495 
2629 	 3.322170038725286 
2630 	 3.338359064541251 
2631 	 3.3433221943173788 
2632 	 3.3247077489630783 
2633 	 3.3565669691571274 
2634 	 3.3455023739738725 
2635 	 3.33808398644518 
2636 	 3.33558842880534 
2637 	 3.3159151703152148 
2638 	 3.3427314191091715 
2639 	 3.3537625263779285 
2640 	 3.357576664436055 
2641 	 3.3262208953501666 
2642 	 3.3019837069385063 
2643 	 3.343965240127122 
2644 	 3.323959072665222 
2645 	 3.341332552649889 
2646 	 3.3573646802523913 
2647 	 3.3118071781438854 
2648 	 3.3195047001795346 
2649 	 3.3415070292739326 
2650 	 3.3576438473249595 
2651 	 3.338615040135982 
2652 	 3.3493473364085924 
2653 	 3.3426381568514945 
2654 	 3.3379543497887583 
2655 	 3.3077026037284094 
2656 	 3.331990510830813 
2657 	 3.333371730345251 
2658 	 3.3310334639820867 
2659 	 3.3574080372107535 
2660 	 3.314586067783501 
2661 	 3.3251811065961494 
2662 	 3.3299709745449393 
2663 	 3.3395569689185045 
2664 	 3.3429086333535163 
2665 	 3.342236663733438 
2666 	 3.3442157258361744 
2667 	 3.33317549675234 
2668 	 3.3299434086431283 
2669 	 3.3573913919176293 
2670 	 3.348299727605913 
2671 	 3.348443146446038 
2672 	 3.331812478763562 
2673 	 3.34181091753184 
2674 	 3.337361394794834 
2675 	 3.319201966445773 
2676 	 3.3345343187259497 
2677 	 3.3422388168122867 
2678 	 3.345967005917997 
2679 	 3.3350193120736487 
2680 	 3.3414687539718217 
2681 	 3.335502699193209 
2682 	 3.3375920464304505 
2683 	 3.330845867253545 
2684 	 3.3286230115958544 
2685 	 3.350569269418061 
2686 	 3.364491069373834 
2687 	 3.3320812274256433 
2688 	 3.3513454799788693 
2689 	 3.3468579960610856 
2690 	 3.328448926541656 
2691 	 3.349215261529053 
2692 	 3.3253673880242838 
2693 	 3.336578459835063 
2694 	 3.3366403956007287 
2695 	 3.333521108021943 
2696 	 3.3185167380067617 
2697 	 3.333376471519458 
2698 	 3.337712349195112 
2699 	 3.335404543724792 
2700 	 3.339353422189883 
2701 	 3.326208525609901 
2702 	 3.3416624764874197 
2703 	 3.3502135387719623 
2704 	 3.3220883929612834 
2705 	 3.3271718551641207 
2706 	 3.340347743192963 
2707 	 3.3485597736204324 
2708 	 3.335070375095928 
2709 	 3.3328530716130045 
2710 	 3.329001586704783 
2711 	 3.351370262219901 
2712 	 3.3419948949065574 
2713 	 3.3276085333879557 
2714 	 3.3280423907558525 
2715 	 3.335086219685951 
2716 	 3.344067068101907 
2717 	 3.3368905214727236 
2718 	 3.3244841565470216 
2719 	 3.3370788600031953 
2720 	 3.3229416173902653 
2721 	 3.3166775677546814 
2722 	 3.3381240689825873 
2723 	 3.3207135272295045 
2724 	 3.333922642486494 
2725 	 3.3313754885585944 
2726 	 3.3340917632019607 
2727 	 3.342934782215016 
2728 	 3.3261532691164177 
2729 	 3.3415100703025185 
2730 	 3.333409655183103 
2731 	 3.331703175322138 
2732 	 3.340375793801272 
2733 	 3.329588042005569 
2734 	 3.32132692842082 
2735 	 3.3448395372767203 
2736 	 3.3341669559752973 
2737 	 3.3464566608673763 
2738 	 3.337799435400717 
2739 	 3.3212520423557983 
2740 	 3.325494061798869 
2741 	 3.3253282739051175 
2742 	 3.344792164440626 
2743 	 3.324200662066591 
2744 	 3.3235661130425376 
2745 	 3.3234552318779693 
2746 	 3.350797956104736 
2747 	 3.3466925127796565 
2748 	 3.3276659702407714 
2749 	 3.34480839208348 
2750 	 3.3280495959070566 
2751 	 3.352184954396726 
2752 	 3.3367272625828477 
2753 	 3.3517393611178763 
2754 	 3.337517499625877 
2755 	 3.353867912803228 
2756 	 3.3336801202030717 
2757 	 3.3416473376835865 
2758 	 3.3458911431437426 
2759 	 3.3389874852334587 
2760 	 3.3347646233107633 
2761 	 3.3293539939939705 
2762 	 3.3339777470250183 
2763 	 3.335452938988795 
2764 	 3.3258668030778478 
2765 	 3.319000526534061 
2766 	 3.3092617179911747 
2767 	 3.3355355103936812 
2768 	 3.3282068504578013 
2769 	 3.3354419291831534 
2770 	 3.3386414358816903 
2771 	 3.3302140287516044 
2772 	 3.332466650405198 
2773 	 3.320077027649629 
2774 	 3.347540333365834 
2775 	 3.3537606731901977 
2776 	 3.3340420382443345 
2777 	 3.333546461675898 
2778 	 3.3309612402469244 
2779 	 3.326065979250793 
2780 	 3.328514723711715 
2781 	 3.3383605894102555 
2782 	 3.33798410472113 
2783 	 3.3532653924314695 
2784 	 3.3213004692600236 
2785 	 3.3335992437681616 
2786 	 3.338001590359972 
2787 	 3.3409064379117757 
2788 	 3.3285916352996248 
2789 	 3.329624052619635 
2790 	 3.336010734010157 
2791 	 3.3231249098161277 
2792 	 3.322957014374106 
2793 	 3.353574265698012 
2794 	 3.3273121041277594 
2795 	 3.3368252466967414 
2796 	 3.313791931729126 
2797 	 3.329071555805739 
2798 	 3.321735828402794 
2799 	 3.3335664501201294 
2800 	 3.3462405741702272 
2801 	 3.3370180469458655 
2802 	 3.3275846236347744 
2803 	 3.324384107723269 
2804 	 3.3406389971669297 
2805 	 3.3291222764535204 
2806 	 3.346241953739324 
2807 	 3.329396790743592 
2808 	 3.345069114895356 
2809 	 3.329422431037799 
2810 	 3.345581287052253 
2811 	 3.338547797375533 
2812 	 3.3245031622683796 
2813 	 3.303008064235314 
2814 	 3.3406535838631597 
2815 	 3.3389470026244075 
2816 	 3.345208226412882 
2817 	 3.328029830506038 
2818 	 3.323967417959705 
2819 	 3.3346558534788615 
2820 	 3.344883856079031 
2821 	 3.3320647518989475 
2822 	 3.3349066988056246 
2823 	 3.3401711592905197 
2824 	 3.3197079729447636 
2825 	 3.33227624354687 
2826 	 3.347173016855317 
2827 	 3.342695063619084 
2828 	 3.325345546532694 
2829 	 3.3411047279688293 
2830 	 3.3445059178070387 
2831 	 3.325347248660545 
2832 	 3.319522236660304 
2833 	 3.3307865403627264 
2834 	 3.3360886905856857 
2835 	 3.3414684769624814 
2836 	 3.329804523200872 
2837 	 3.329363800364402 
2838 	 3.355250723842543 
2839 	 3.342250116633415 
2840 	 3.353803823392933 
2841 	 3.32146956021703 
2842 	 3.302923871899028 
2843 	 3.3196321350768274 
2844 	 3.340509502369501 
2845 	 3.3190350407677474 
2846 	 3.3242929112234427 
2847 	 3.3331546259360425 
2848 	 3.3497276329989347 
2849 	 3.3551609962241495 
2850 	 3.326623177411086 
2851 	 3.3314614884760494 
2852 	 3.3293730001679047 
2853 	 3.3583614362059606 
2854 	 3.3319618455946727 
2855 	 3.3370007482071578 
2856 	 3.3475308575174467 
2857 	 3.331829217456099 
2858 	 3.358087426850952 
2859 	 3.353672353729663 
2860 	 3.3276347315029735 
2861 	 3.3241935677668932 
2862 	 3.329582132341708 
2863 	 3.338395100938275 
2864 	 3.3332431959835733 
2865 	 3.3610568808362267 
2866 	 3.341753795485446 
2867 	 3.3322082808514013 
2868 	 3.3273019668069415 
2869 	 3.3265303005978475 
2870 	 3.315910057550602 
2871 	 3.3495834782953207 
2872 	 3.3195553646648417 
2873 	 3.303675057535772 
2874 	 3.341752911610703 
2875 	 3.3190892466473594 
2876 	 3.3410850111314447 
2877 	 3.312065851150444 
2878 	 3.3298817761482367 
2879 	 3.3230193580561584 
2880 	 3.330636626112719 
2881 	 3.3437231675982644 
2882 	 3.338074270714173 
2883 	 3.3357972555368662 
2884 	 3.325183970665834 
2885 	 3.3302079697675366 
2886 	 3.326836913775485 
2887 	 3.3273027543137434 
2888 	 3.3489665434725207 
2889 	 3.335335084985549 
2890 	 3.342439221849571 
2891 	 3.3386806317348228 
2892 	 3.339407584121829 
2893 	 3.330465471995753 
2894 	 3.3080247415492376 
2895 	 3.3141638253067027 
2896 	 3.326274773848845 
2897 	 3.3146966836014777 
2898 	 3.348166359988539 
2899 	 3.326130369952537 
2900 	 3.327629185280716 
2901 	 3.355398841490317 
2902 	 3.321820664253355 
2903 	 3.3239066993259145 
2904 	 3.3220657945130028 
2905 	 3.330533598777532 
2906 	 3.3321124808172997 
2907 	 3.3127379596851347 
2908 	 3.3387635516660246 
2909 	 3.323010427343787 
2910 	 3.3319929223391176 
2911 	 3.3400501118563097 
2912 	 3.336421265599279 
2913 	 3.3332888035365236 
2914 	 3.3300581927421775 
2915 	 3.3400427711327443 
2916 	 3.3336992253867703 
2917 	 3.3407179975594894 
2918 	 3.338663887630763 
2919 	 3.324767339525287 
2920 	 3.3471432954902642 
2921 	 3.3390274271365676 
2922 	 3.3105032601524162 
2923 	 3.339553513962374 
2924 	 3.3244967271427845 
2925 	 3.3267690032364 
2926 	 3.3288020196550945 
2927 	 3.35485943262592 
2928 	 3.332153996385528 
2929 	 3.357904409169884 
2930 	 3.342196609986045 
2931 	 3.333894992741287 
2932 	 3.3267820643821313 
2933 	 3.334724570289022 
2934 	 3.330121845420929 
2935 	 3.3541567470135676 
2936 	 3.334697896451786 
2937 	 3.3477893160719367 
2938 	 3.3293071436846318 
2939 	 3.339519078016329 
2940 	 3.3307623944999407 
2941 	 3.331280025430577 
2942 	 3.3399129756422345 
2943 	 3.3327416031482575 
2944 	 3.294864363976507 
2945 	 3.328540820779127 
2946 	 3.326346178352981 
2947 	 3.345675962823825 
2948 	 3.324828378586609 
2949 	 3.329484762346691 
2950 	 3.341019165727591 
2951 	 3.3411975152826883 
2952 	 3.3379827109040194 
2953 	 3.3484377038945126 
2954 	 3.3332163507248223 
2955 	 3.3463496653961617 
2956 	 3.33301243964683 
2957 	 3.310689796542281 
2958 	 3.351824558713741 
2959 	 3.3439177027599127 
2960 	 3.3456348857652705 
2961 	 3.326849474792003 
2962 	 3.3367730132138957 
2963 	 3.3540203126542165 
2964 	 3.3263151516774645 
2965 	 3.323689153093355 
2966 	 3.3256385143172618 
2967 	 3.34187855974922 
2968 	 3.3456950509170684 
2969 	 3.311227733956796 
2970 	 3.348482683370597 
2971 	 3.343070603234941 
2972 	 3.3426550676609277 
2973 	 3.3217512213728435 
2974 	 3.33803057665136 
2975 	 3.333989611809854 
2976 	 3.335306150473681 
2977 	 3.334319738219537 
2978 	 3.332090130200453 
2979 	 3.3424215266737765 
2980 	 3.33942616726735 
2981 	 3.325986080996503 
2982 	 3.320720614925406 
2983 	 3.340218516422551 
2984 	 3.3309456957143655 
2985 	 3.3250636437386025 
2986 	 3.316997741104717 
2987 	 3.34745931854664 
2988 	 3.3446435857501258 
2989 	 3.3483411942859713 
2990 	 3.3320230156539226 
2991 	 3.353204116220483 
2992 	 3.323203905837239 
2993 	 3.343635921490073 
2994 	 3.3265659383493533 
2995 	 3.329055530614365 
2996 	 3.3380640975544225 
2997 	 3.3350830083215026 
2998 	 3.313130849777341 
2999 	 3.3236505710024935 
3000 	 3.339011346898549 
3001 	 3.342138523032472 
3002 	 3.3219418455289103 
3003 	 3.330193312280282 
3004 	 3.3358465839245497 
3005 	 3.3458724599439265 
3006 	 3.3549304298652083 
3007 	 3.3428986181001545 
3008 	 3.345394340396041 
3009 	 3.3271850648398877 
3010 	 3.337122518395932 
3011 	 3.344734922540633 
3012 	 3.3343777847965606 
3013 	 3.3319381994014434 
3014 	 3.3506416613157604 
3015 	 3.354357043438084 
3016 	 3.3337859684450186 
3017 	 3.3026015962293447 
3018 	 3.348842373476513 
3019 	 3.3438939722745027 
3020 	 3.342155531858756 
3021 	 3.344783503094055 
3022 	 3.337919417964542 
3023 	 3.3397357616182157 
3024 	 3.333089764867355 
3025 	 3.359993663271 
3026 	 3.3448269298067967 
3027 	 3.3359951739270373 
3028 	 3.3293514839106555 
3029 	 3.351650372867673 
3030 	 3.3348313865811456 
3031 	 3.3563126512178467 
3032 	 3.3297515616511792 
3033 	 3.3394050356850697 
3034 	 3.3491186986264565 
3035 	 3.3392622202895352 
3036 	 3.3184860128232025 
3037 	 3.333611714822385 
3038 	 3.3249974876844623 
3039 	 3.3160854882698065 
3040 	 3.317453122956758 
3041 	 3.343940779028979 
3042 	 3.34603318377414 
3043 	 3.3215694101345714 
3044 	 3.3273899340881665 
3045 	 3.331873035465636 
3046 	 3.3351606756003576 
3047 	 3.340622947917775 
3048 	 3.348946404722233 
3049 	 3.3341193669942735 
3050 	 3.3514719620291933 
3051 	 3.3362784322609342 
3052 	 3.3383081841723334 
3053 	 3.3439082369520983 
3054 	 3.3561243606228537 
3055 	 3.3398640188161623 
3056 	 3.3345638213426008 
3057 	 3.3245350011018613 
3058 	 3.3171533522866476 
3059 	 3.3351017843390953 
3060 	 3.3177767016746267 
3061 	 3.334852489748877 
3062 	 3.3375342491888556 
3063 	 3.3348021694806746 
3064 	 3.338590085685484 
3065 	 3.3188407833271443 
3066 	 3.3349038703452507 
3067 	 3.330910948264168 
3068 	 3.337174153904815 
3069 	 3.3163003582643644 
3070 	 3.33776496608171 
3071 	 3.3297676937725242 
3072 	 3.3385583555297065 
3073 	 3.3216196907313686 
3074 	 3.3386968381465856 
3075 	 3.3430828542355195 
3076 	 3.3155205381247033 
3077 	 3.3388232864281178 
3078 	 3.335804241504224 
3079 	 3.332650854479643 
3080 	 3.304496430365668 
3081 	 3.319660437989842 
3082 	 3.3328581559926165 
3083 	 3.353094568885946 
3084 	 3.336311867180431 
3085 	 3.3463373717334552 
3086 	 3.354210860317456 
3087 	 3.3167466023206464 
3088 	 3.322372754762426 
3089 	 3.3456358838266747 
3090 	 3.338576663495036 
3091 	 3.3473226783161443 
3092 	 3.305613613555922 
3093 	 3.340293563802959 
3094 	 3.337568579718035 
3095 	 3.3352936459719076 
3096 	 3.328589198935549 
3097 	 3.342524586645418 
3098 	 3.353088499841145 
3099 	 3.3218573743632485 
3100 	 3.3440139491539886 
3101 	 3.3250482123011573 
3102 	 3.3463994045413754 
3103 	 3.354906624842712 
3104 	 3.3196806400976695 
3105 	 3.3252862129747367 
3106 	 3.3480811169602713 
3107 	 3.3471008708288177 
3108 	 3.319519103759587 
3109 	 3.3336823697905262 
3110 	 3.329432443256777 
3111 	 3.318564559415078 
3112 	 3.325435973221903 
3113 	 3.3484502280396113 
3114 	 3.325868670972904 
3115 	 3.341549057150222 
3116 	 3.3460586269231576 
3117 	 3.3252671371269313 
3118 	 3.319766155588239 
3119 	 3.333441789755466 
3120 	 3.32025016659789 
3121 	 3.3382815469605713 
3122 	 3.332770542187764 
3123 	 3.3203010357436673 
3124 	 3.3406705124598006 
3125 	 3.332789471436186 
3126 	 3.359561560784163 
3127 	 3.3406290692644185 
3128 	 3.317320338753321 
3129 	 3.3347544723107796 
3130 	 3.332169764163432 
3131 	 3.3455729321903305 
3132 	 3.3404511436508013 
3133 	 3.332135042149108 
3134 	 3.3196560268910593 
3135 	 3.3510263600477765 
3136 	 3.3499913935337755 
3137 	 3.346647501010687 
3138 	 3.332311873475288 
3139 	 3.330861969531348 
3140 	 3.3479836979292465 
3141 	 3.342050794041553 
3142 	 3.354591065839438 
3143 	 3.335613027874843 
3144 	 3.325539133976775 
3145 	 3.333697210826407 
3146 	 3.343918106068419 
3147 	 3.3422602866407485 
3148 	 3.3347523441614206 
3149 	 3.3161906268234986 
3150 	 3.3388977529326365 
3151 	 3.3120071797126296 
3152 	 3.3046656047817207 
3153 	 3.348800044454741 
3154 	 3.3287323512954634 
3155 	 3.316832035270332 
3156 	 3.315381966761752 
3157 	 3.3410168125794146 
3158 	 3.321670782485476 
3159 	 3.338965485776742 
3160 	 3.3357427663705685 
3161 	 3.3261234049349078 
3162 	 3.3428918868584234 
3163 	 3.351181313716079 
3164 	 3.3258725915495986 
3165 	 3.3044719598613965 
3166 	 3.338230188474928 
3167 	 3.3154266806440758 
3168 	 3.327889991701092 
3169 	 3.331691098762218 
3170 	 3.332514938339209 
3171 	 3.341285407585522 
3172 	 3.3195856615266743 
3173 	 3.342351043900688 
3174 	 3.323834645723096 
3175 	 3.341851300979772 
3176 	 3.3278436216509966 
3177 	 3.3381472217422683 
3178 	 3.316124721712104 
3179 	 3.335937263142342 
3180 	 3.3195863910129577 
3181 	 3.336842780843237 
3182 	 3.3255281841790274 
3183 	 3.344919347231014 
3184 	 3.345827575029786 
3185 	 3.3325233831329606 
3186 	 3.3160584904584 
3187 	 3.33314570553161 
3188 	 3.328481977393461 
3189 	 3.3484994079410444 
3190 	 3.33021414658864 
3191 	 3.3455781967073706 
3192 	 3.335384005063567 
3193 	 3.333138899034826 
3194 	 3.342023737838175 
3195 	 3.322166938919914 
3196 	 3.2936629911973085 
3197 	 3.3173075949277635 
3198 	 3.322174058925467 
3199 	 3.34964584296684 
3200 	 3.3420697623796363 
3201 	 3.333960690624801 
3202 	 3.3042461359553843 
3203 	 3.346505355441527 
3204 	 3.3444583453890804 
3205 	 3.3238378094930696 
3206 	 3.3342532370339804 
3207 	 3.3204811696605563 
3208 	 3.3156848557622305 
3209 	 3.328987019993086 
3210 	 3.3448197043622185 
3211 	 3.318163040714161 
3212 	 3.3339770059380953 
3213 	 3.3249441983457007 
3214 	 3.345434113613711 
3215 	 3.322627860787228 
3216 	 3.327136610625586 
3217 	 3.347542054666216 
3218 	 3.34332900999645 
3219 	 3.347900032001433 
3220 	 3.320686807425287 
3221 	 3.3371204702719095 
3222 	 3.3515532923518236 
3223 	 3.3351605863313107 
3224 	 3.321904543500343 
3225 	 3.3361088214803103 
3226 	 3.3327542684084053 
3227 	 3.31853271378658 
3228 	 3.3486756208324 
3229 	 3.3416011042316454 
3230 	 3.3045349243327493 
3231 	 3.353994999594461 
3232 	 3.3160833328505515 
3233 	 3.3401157460252433 
3234 	 3.3018531241400755 
3235 	 3.317853834485112 
3236 	 3.3599199140484415 
3237 	 3.336575605925629 
3238 	 3.32976619824879 
3239 	 3.3323086994414424 
3240 	 3.3498713821185473 
3241 	 3.3216386203185824 
3242 	 3.337378374767743 
3243 	 3.3322471108743605 
3244 	 3.336968426419897 
3245 	 3.3221612530118927 
3246 	 3.326344961235238 
3247 	 3.3233433655750786 
3248 	 3.3413032787008237 
3249 	 3.3355030492664346 
3250 	 3.332029817649048 
3251 	 3.330228044903259 
3252 	 3.337684623568019 
3253 	 3.324824213200396 
3254 	 3.3259963519312805 
3255 	 3.3406252311474995 
3256 	 3.3283332854620724 
3257 	 3.3249387846317684 
3258 	 3.339816080646021 
3259 	 3.325400593873485 
3260 	 3.3610258633776464 
3261 	 3.349708566365181 
3262 	 3.3452854352638366 
3263 	 3.342838438671994 
3264 	 3.346719144471769 
3265 	 3.3605918584029375 
3266 	 3.3209845130276543 
3267 	 3.3249345165554294 
3268 	 3.3123281395162594 
3269 	 3.348080389743202 
3270 	 3.3283279063862565 
3271 	 3.338888455148874 
3272 	 3.3423690977598355 
3273 	 3.34971195619347 
3274 	 3.33905839261418 
3275 	 3.340321069289196 
3276 	 3.33583722106057 
3277 	 3.324799062660317 
3278 	 3.3415816686179847 
3279 	 3.3255007539974932 
3280 	 3.3326074997261714 
3281 	 3.3437696042095015 
3282 	 3.331562019796574 
3283 	 3.323537598493434 
3284 	 3.3118333321584235 
3285 	 3.335365528200359 
3286 	 3.3160470914445046 
3287 	 3.3409197832236077 
3288 	 3.3295142725886553 
3289 	 3.330774283009708 
3290 	 3.341518697745818 
3291 	 3.3549787237021613 
3292 	 3.3274904885010272 
3293 	 3.3335373267820536 
3294 	 3.3368468175083374 
3295 	 3.3434650477849344 
3296 	 3.338867174853109 
3297 	 3.333668224795033 
3298 	 3.3144690120630647 
3299 	 3.3471933681128707 
3300 	 3.3255751768392727 
3301 	 3.3167347594323884 
3302 	 3.343575320616143 
3303 	 3.3288662531191777 
3304 	 3.347942083042069 
3305 	 3.331967872442399 
3306 	 3.334243090107474 
3307 	 3.322336995304314 
3308 	 3.3189689087577463 
3309 	 3.3142430482992764 
3310 	 3.3207544794493407 
3311 	 3.3395812951011754 
3312 	 3.3301485466198253 
3313 	 3.3337870763382393 
3314 	 3.333260980708054 
3315 	 3.334824466106879 
3316 	 3.2878508207845027 
3317 	 3.3258403013065156 
3318 	 3.3340482936072755 
3319 	 3.329599723413731 
3320 	 3.340776971486665 
3321 	 3.3395282689042043 
3322 	 3.3404821851677027 
3323 	 3.3100200793452625 
3324 	 3.3231794725297052 
3325 	 3.340371007346839 
3326 	 3.349821066910923 
3327 	 3.317953588685459 
3328 	 3.3115583336671586 
3329 	 3.3348285065044294 
3330 	 3.33027373327437 
3331 	 3.3228160953767922 
3332 	 3.347561413805237 
3333 	 3.3318516221971843 
3334 	 3.3298560641684296 
3335 	 3.3511056859490838 
3336 	 3.3328920586306 
3337 	 3.3617008885584574 
3338 	 3.3332786350741834 
3339 	 3.3400298786365643 
3340 	 3.340156798555197 
3341 	 3.3361427186762223 
3342 	 3.3338656266319338 
3343 	 3.3470726804156374 
3344 	 3.340537788086341 
3345 	 3.3300862087626926 
3346 	 3.325724718172523 
3347 	 3.302427458985839 
3348 	 3.344655839410213 
3349 	 3.327920427543344 
3350 	 3.3241985118680253 
3351 	 3.342046298019369 
3352 	 3.3444996725756932 
3353 	 3.3380878194091355 
3354 	 3.3368976128861454 
3355 	 3.3489906645198313 
3356 	 3.3356247104372594 
3357 	 3.3348967531969542 
3358 	 3.3559445799738747 
3359 	 3.327398805695381 
3360 	 3.329601112303318 
3361 	 3.3035123714294943 
3362 	 3.331604857793414 
3363 	 3.3264103974083787 
3364 	 3.331153521411296 
3365 	 3.327845550163563 
3366 	 3.3429786043090837 
3367 	 3.3406291050711028 
3368 	 3.3455339693022488 
3369 	 3.3401223014857093 
3370 	 3.329147841528886 
3371 	 3.336620462935215 
3372 	 3.334744827132373 
3373 	 3.33150935043689 
3374 	 3.326062940276221 
3375 	 3.346367044779914 
3376 	 3.3309475268445734 
3377 	 3.345930555170033 
3378 	 3.3292241597603622 
3379 	 3.3494662504911137 
3380 	 3.3369388397238766 
3381 	 3.334650579051768 
3382 	 3.3368253643510566 
3383 	 3.3317880568675577 
3384 	 3.348123907003628 
3385 	 3.3422740719355337 
3386 	 3.3395018218845682 
3387 	 3.341099527758383 
3388 	 3.318851768897336 
3389 	 3.3396840268198824 
3390 	 3.3318608198900694 
3391 	 3.322757372508997 
3392 	 3.339463625355549 
3393 	 3.3403714294532443 
3394 	 3.3236042695532544 
3395 	 3.3281684322960654 
3396 	 3.345147098296617 
3397 	 3.323042548370289 
3398 	 3.338654976863875 
3399 	 3.331294693186451 
3400 	 3.3339885710552393 
3401 	 3.3202986071763845 
3402 	 3.347563330161946 
3403 	 3.360881095831157 
3404 	 3.329197844731924 
3405 	 3.318659090343454 
3406 	 3.3224184442554643 
3407 	 3.3332776027874393 
3408 	 3.3512715603037 
3409 	 3.3151209244145448 
3410 	 3.321997528053123 
3411 	 3.321947752031882 
3412 	 3.3379423633968726 
3413 	 3.314028673211424 
3414 	 3.316213433556269 
3415 	 3.3328863032504694 
3416 	 3.3330443792924482 
3417 	 3.326078951564438 
3418 	 3.3179226659337537 
3419 	 3.333744680557832 
3420 	 3.341818173799487 
3421 	 3.3443449206227167 
3422 	 3.3137748384028214 
3423 	 3.3108552997751546 
3424 	 3.336914045591061 
3425 	 3.3371259436551535 
3426 	 3.3493672018301015 
3427 	 3.363558157965464 
3428 	 3.338852826293214 
3429 	 3.316968015033017 
3430 	 3.332219784255548 
3431 	 3.3029930237250533 
3432 	 3.3483796158169987 
3433 	 3.3356332390632373 
3434 	 3.353773414027835 
3435 	 3.344881480920196 
3436 	 3.3214901542847173 
3437 	 3.3613870494394917 
3438 	 3.345998486768578 
3439 	 3.312855267151042 
3440 	 3.3443137326288914 
3441 	 3.3422999911276774 
3442 	 3.3285185812640585 
3443 	 3.3426475079598594 
3444 	 3.323713623657499 
3445 	 3.3250003563441393 
3446 	 3.3269574297619378 
3447 	 3.3351536793244616 
3448 	 3.3223230106409605 
3449 	 3.3463383912687656 
3450 	 3.3590139429884265 
3451 	 3.349667106436169 
3452 	 3.320189269688365 
3453 	 3.3247327704853524 
3454 	 3.331949771710441 
3455 	 3.338697135078843 
3456 	 3.352896532568706 
3457 	 3.332066026108333 
3458 	 3.3323310391754335 
3459 	 3.340838238804561 
3460 	 3.3219423724081967 
3461 	 3.3351963654081147 
3462 	 3.326603671835003 
3463 	 3.3497350961458614 
3464 	 3.357786239390789 
3465 	 3.32440632339938 
3466 	 3.322668794212299 
3467 	 3.3385203212482755 
3468 	 3.33032360083959 
3469 	 3.330869153504099 
3470 	 3.3538291009700147 
3471 	 3.3171613771552666 
3472 	 3.3250996590695867 
3473 	 3.34784734593734 
3474 	 3.338736520770255 
3475 	 3.3319854658250874 
3476 	 3.33008446668389 
3477 	 3.338136489312963 
3478 	 3.344351393494822 
3479 	 3.3393854647597303 
3480 	 3.332450944647155 
3481 	 3.3427794776488997 
3482 	 3.330060491648166 
3483 	 3.363124394026249 
3484 	 3.3351998392967745 
3485 	 3.343898302693365 
3486 	 3.3250895538835468 
3487 	 3.338217851511612 
3488 	 3.3293049070901946 
3489 	 3.3102201867220282 
3490 	 3.3504849441420617 
3491 	 3.3470133781192803 
3492 	 3.3223766748936328 
3493 	 3.348531467081816 
3494 	 3.3298676816908674 
3495 	 3.347537534266401 
3496 	 3.333566492077677 
3497 	 3.348042117396924 
3498 	 3.337443682950056 
3499 	 3.3268648252680895 
3500 	 3.3390187318736424 
3501 	 3.349042209053769 
3502 	 3.3367009361412037 
3503 	 3.3454904848083107 
3504 	 3.344681443770814 
3505 	 3.328021759865288 
3506 	 3.3350754746542313 
3507 	 3.3324383022625677 
3508 	 3.325611985827407 
3509 	 3.337668414868442 
3510 	 3.341320706635591 
3511 	 3.326760379340188 
3512 	 3.335733179151045 
3513 	 3.33722517848438 
3514 	 3.3184229631408337 
3515 	 3.3250602765703787 
3516 	 3.33470708755376 
3517 	 3.3394355825248216 
3518 	 3.3260932471099256 
3519 	 3.3140828130500526 
3520 	 3.3168993204375474 
3521 	 3.353377246682173 
3522 	 3.3422469790266995 
3523 	 3.3308027459320177 
3524 	 3.3604876416865253 
3525 	 3.3302939824577065 
3526 	 3.3432273650838638 
3527 	 3.342149868622391 
3528 	 3.325666788402865 
3529 	 3.317139227753212 
3530 	 3.3140621880488847 
3531 	 3.3280190431293555 
3532 	 3.34138116774777 
3533 	 3.3314295085715524 
3534 	 3.3194571187815214 
3535 	 3.333929992255074 
3536 	 3.3575081413213517 
3537 	 3.3453929655235766 
3538 	 3.3435914344654116 
3539 	 3.338770572356747 
3540 	 3.3120106656000883 
3541 	 3.3396586707372555 
3542 	 3.323457912234753 
3543 	 3.3255529741978727 
3544 	 3.337144965501858 
3545 	 3.3500717180320527 
3546 	 3.319865391196132 
3547 	 3.3213331805615898 
3548 	 3.3303088622664165 
3549 	 3.3434772816655927 
3550 	 3.3206265337560805 
3551 	 3.317978337068447 
3552 	 3.3529975318241116 
3553 	 3.337558678038028 
3554 	 3.332182606492137 
3555 	 3.3408980354043116 
3556 	 3.335093440403914 
3557 	 3.3224717140900695 
3558 	 3.3443835312983268 
3559 	 3.335355599332106 
3560 	 3.324790080950924 
3561 	 3.3556354197911484 
3562 	 3.3337602300340103 
3563 	 3.322674687519145 
3564 	 3.338481523033991 
3565 	 3.351025903875247 
3566 	 3.3350359230465676 
3567 	 3.344449209123793 
3568 	 3.299997248782558 
3569 	 3.323767072008994 
3570 	 3.3449385696271747 
3571 	 3.3512813889638173 
3572 	 3.323792180899935 
3573 	 3.315752913481125 
3574 	 3.322554377062064 
3575 	 3.352388130080824 
3576 	 3.3233990546940415 
3577 	 3.3310040061859794 
3578 	 3.33692774379206 
3579 	 3.3548681904152353 
3580 	 3.32196842728785 
3581 	 3.314419490097216 
3582 	 3.34265757607671 
3583 	 3.3198213962442393 
3584 	 3.325461648006528 
3585 	 3.3630207801835117 
3586 	 3.329443330297188 
3587 	 3.3361537613264214 
3588 	 3.3504465702502486 
3589 	 3.332131321371512 
3590 	 3.304454321345658 
3591 	 3.3467540020040003 
3592 	 3.362013515441114 
3593 	 3.3185026626273433 
3594 	 3.324414048048719 
3595 	 3.3288314016997242 
3596 	 3.3299748651787597 
3597 	 3.3473574849872163 
3598 	 3.3461438959752487 
3599 	 3.324788642505121 
3600 	 3.341970429513177 
3601 	 3.3314812827908087 
3602 	 3.319210449498123 
3603 	 3.3402373781963934 
3604 	 3.3320379144225205 
3605 	 3.3179466841085925 
3606 	 3.3294527058362977 
3607 	 3.3447467734043044 
3608 	 3.3083070934195047 
3609 	 3.3452218273074403 
3610 	 3.326905129624336 
3611 	 3.3452442034434386 
3612 	 3.3093409383018897 
3613 	 3.3373163940111787 
3614 	 3.339880548838906 
3615 	 3.321611570996179 
3616 	 3.33059562927634 
3617 	 3.3368431114829824 
3618 	 3.3244336023071823 
3619 	 3.306547514451248 
3620 	 3.336007359346197 
3621 	 3.3400018410158454 
3622 	 3.326743442361001 
3623 	 3.33414866910923 
3624 	 3.3476460848411747 
3625 	 3.3209475976637473 
3626 	 3.3215146634502544 
3627 	 3.3297122919768802 
3628 	 3.346943319404997 
3629 	 3.333525252578568 
3630 	 3.3411149460154506 
3631 	 3.3302301899218696 
3632 	 3.332674517682797 
3633 	 3.334184814095042 
3634 	 3.331165739996456 
3635 	 3.342697074948457 
3636 	 3.3337933184185324 
3637 	 3.3445800915131225 
3638 	 3.3550100477182365 
3639 	 3.320546501386139 
3640 	 3.327874138785453 
3641 	 3.3223578069216524 
3642 	 3.325885026296703 
3643 	 3.3353254891588713 
3644 	 3.3443408200400833 
3645 	 3.3382711752141137 
3646 	 3.3198408932895505 
3647 	 3.3192324452041926 
3648 	 3.327343169034965 
3649 	 3.325332349070888 
3650 	 3.3198672286604416 
